date,open,high,low,close,volume
2009-03-02 09:15:00,43.19,43.38,41.44,43.17,0
2009-03-03 09:15:00,43.17,43.9,41.2,43.89,0
2009-03-04 09:15:00,43.89,43.89,42.16,42.52,0
2009-03-05 09:15:00,42.52,42.71,40.4,41.49,0
2009-03-06 09:15:00,41.49,41.49,37.57,38.15,0
2009-03-09 09:15:00,38.15,41.14,38.15,40.86,0
2009-03-12 09:15:00,40.86,40.86,38.5,39.27,0
2009-03-13 09:15:00,39.27,39.27,35.08,35.56,0
2009-03-16 09:15:00,35.56,37.88,35.56,36.7,0
2009-03-17 09:15:00,36.7,38.76,34.85,38.43,0
2009-03-18 09:15:00,38.43,38.86,36.99,38.15,0
2009-03-19 09:15:00,38.15,38.6,36.65,37.74,0
2009-03-20 09:15:00,37.74,37.99,34.97,37.0,0
2009-03-23 09:15:00,37.0,38.6,36.61,38.59,0
2009-03-24 09:15:00,38.59,39.86,36.34,38.02,0
2009-03-25 09:15:00,38.02,41.7,35.94,37.4,0
2009-03-26 09:15:00,37.4,40.2,36.52,37.22,0
2009-03-27 09:15:00,37.22,40.34,36.79,37.58,0
2009-03-30 09:15:00,37.58,41.31,37.58,40.09,0
2009-03-31 09:15:00,40.09,41.03,39.15,39.49,0
2009-04-01 09:15:00,39.49,39.49,36.42,36.44,0
2009-04-02 09:15:00,36.44,37.82,34.26,37.36,0
2009-04-06 09:15:00,37.36,42.4,36.44,41.02,0
2009-04-08 09:15:00,41.02,43.54,39.64,43.29,0
2009-04-09 09:15:00,43.29,44.35,40.34,43.21,0
2009-04-13 09:15:00,43.21,47.32,42.98,46.57,0
2009-04-15 09:15:00,46.57,48.91,44.31,47.59,0
2009-04-16 09:15:00,47.59,51.55,44.47,50.1,0
2009-04-17 09:15:00,50.1,51.58,44.98,50.65,0
2009-04-20 09:15:00,50.65,55.6,44.57,54.41,0
2009-04-21 09:15:00,54.41,54.99,50.38,53.27,0
2009-04-22 09:15:00,48.47,54.39,48.47,53.59,0
2009-04-23 09:15:00,46.98,52.69,46.98,49.23,0
2009-04-24 09:15:00,45.68,49.14,45.48,47.12,0
2009-04-27 09:15:00,47.12,50.47,47.12,49.11,0
2009-04-28 09:15:00,49.11,49.89,47.25,48.74,0
2009-04-29 09:15:00,48.74,48.74,45.74,45.87,0
2009-05-04 09:15:00,45.87,50.66,45.16,50.51,0
2009-05-05 09:15:00,50.51,51.68,48.35,51.14,0
2009-05-06 09:15:00,51.14,53.7,48.85,52.04,0
2009-05-07 09:15:00,52.04,53.84,51.04,51.08,0
2009-05-08 09:15:00,51.08,51.08,48.45,50.94,0
2009-05-11 09:15:00,50.94,55.23,50.76,54.76,0
2009-05-12 09:15:00,54.76,54.76,49.99,52.2,0
2009-05-13 09:15:00,52.2,53.01,48.34,52.97,0
2009-05-14 09:15:00,49.02,53.38,49.02,52.32,0
2009-05-15 09:15:00,52.32,52.32,44.7,52.01,0
2009-05-18 09:15:00,52.01,52.01,52.01,52.01,0
2009-05-19 09:15:00,52.01,57.1,48.01,56.07,0
2009-05-20 09:15:00,51.05,54.66,49.4,49.51,0
2009-05-21 09:15:00,46.24,47.98,42.22,43.31,0
2009-05-22 09:15:00,39.22,44.6,39.22,41.97,0
2009-05-25 09:15:00,35.11,42.59,35.11,39.38,0
2009-05-26 09:15:00,39.38,44.3,39.38,43.87,0
2009-05-27 09:15:00,43.87,43.87,39.27,39.74,0
2009-05-28 09:15:00,39.74,39.77,37.78,37.78,0
2009-05-29 09:15:00,37.78,41.31,37.17,40.57,0
2009-06-01 09:15:00,40.57,42.22,38.29,41.02,0
2009-06-02 09:15:00,41.02,41.02,38.97,40.17,0
2009-06-03 09:15:00,40.17,40.22,35.72,39.42,0
2009-06-04 09:15:00,39.42,40.57,33.71,40.2,0
2009-06-05 09:15:00,40.2,40.72,37.5,40.0,0
2009-06-08 09:15:00,40.0,42.11,37.99,42.06,0
2009-06-09 09:15:00,42.06,42.06,37.43,39.84,0
2009-06-10 09:15:00,39.84,40.08,35.99,39.44,0
2009-06-11 09:15:00,39.44,41.05,37.21,40.86,0
2009-06-12 09:15:00,40.86,40.86,38.36,40.19,0
2009-06-15 09:15:00,40.19,42.55,38.65,41.13,0
2009-06-16 09:15:00,35.09,41.87,35.09,41.44,0
2009-06-17 09:15:00,41.44,44.96,37.76,44.89,0
2009-06-18 09:15:00,42.75,45.18,42.23,44.95,0
2009-06-19 09:15:00,40.29,44.04,40.29,42.47,0
2009-06-22 09:15:00,40.68,45.0,40.68,44.17,0
2009-06-23 09:15:00,44.17,44.17,44.17,44.17,0
2009-06-24 09:15:00,44.17,49.31,44.17,44.17,0
2009-06-25 09:15:00,44.17,46.16,41.73,43.63,0
2009-06-26 09:15:00,43.63,43.63,37.72,38.29,0
2009-06-29 09:15:00,38.29,40.67,38.29,40.51,0
2009-06-30 09:15:00,40.51,43.38,40.2,42.52,0
2009-07-01 09:15:00,42.52,44.38,41.94,43.07,0
2009-07-02 09:15:00,43.07,44.54,42.78,43.8,0
2009-07-03 09:15:00,43.8,46.55,43.8,46.55,0
2009-07-06 09:15:00,46.55,47.25,39.29,39.7,0
2009-07-07 09:15:00,39.7,39.7,35.53,36.22,0
2009-07-08 09:15:00,36.22,37.59,34.71,37.27,0
2009-07-09 09:15:00,37.27,37.81,35.72,35.96,0
2009-07-10 09:15:00,35.96,36.65,34.97,35.03,0
2009-07-13 09:15:00,35.03,37.54,35.03,36.5,0
2009-07-14 09:15:00,36.5,36.5,34.2,34.67,0
2009-07-15 09:15:00,34.67,36.33,31.41,36.11,0
2009-07-16 09:15:00,33.38,38.18,33.38,37.58,0
2009-07-17 09:15:00,34.34,37.22,34.34,35.95,0
2009-07-20 09:15:00,34.65,37.65,34.32,36.97,0
2009-07-21 09:15:00,36.59,37.49,36.31,36.56,0
2009-07-22 09:15:00,35.24,37.29,35.24,37.13,0
2009-07-23 09:15:00,35.72,36.9,35.72,36.31,0
2009-07-24 09:15:00,34.97,37.27,34.97,36.59,0
2009-07-27 09:15:00,36.11,38.57,36.11,37.43,0
2009-07-28 09:15:00,37.43,37.47,35.95,35.95,0
2009-07-29 09:15:00,35.95,37.61,35.72,37.54,0
2009-07-30 09:15:00,37.54,37.54,35.65,36.6,0
2009-07-31 09:15:00,36.6,36.6,34.88,36.14,0
2009-08-03 09:15:00,36.14,37.67,35.4,37.38,0
2009-08-04 09:15:00,37.38,37.47,36.32,37.1,0
2009-08-05 09:15:00,37.1,37.99,36.15,37.04,0
2009-08-06 09:15:00,36.13,38.4,35.57,38.0,0
2009-08-07 09:15:00,38.0,38.49,32.33,37.74,0
2009-08-10 09:15:00,37.74,39.89,36.72,39.14,0
2009-08-11 09:15:00,39.14,39.2,31.59,39.04,0
2009-08-12 09:15:00,37.31,40.61,36.36,38.89,0
2009-08-13 09:15:00,34.76,38.75,34.76,35.95,0
2009-08-14 09:15:00,34.28,37.75,34.28,36.74,0
2009-08-17 09:15:00,34.83,41.89,34.83,41.28,0
2009-08-18 09:15:00,36.36,41.09,36.36,38.74,0
2009-08-19 09:15:00,35.49,40.29,35.49,39.54,0
2009-08-20 09:15:00,37.46,38.86,37.29,37.65,0
2009-08-21 09:15:00,35.38,38.02,35.38,36.07,0
2009-08-24 09:15:00,34.24,35.97,34.24,35.51,0
2009-08-25 09:15:00,35.51,36.31,34.93,35.18,0
2009-08-26 09:15:00,35.18,35.18,34.22,34.35,0
2009-08-27 09:15:00,34.35,34.72,33.54,33.6,0
2009-08-28 09:15:00,33.6,34.26,32.45,33.5,0
2009-08-31 09:15:00,33.5,35.01,33.22,34.22,0
2009-09-01 09:15:00,31.71,35.76,31.71,34.79,0
2009-09-02 09:15:00,34.79,35.58,31.17,34.72,0
2009-09-03 09:15:00,33.72,35.29,33.29,33.82,0
2009-09-04 09:15:00,33.82,33.82,32.15,32.39,0
2009-09-07 09:15:00,33.6,33.6,31.91,32.04,0
2009-09-08 09:15:00,26.08,32.4,26.08,31.78,0
2009-09-09 09:15:00,32.14,32.15,31.4,31.41,0
2009-09-10 09:15:00,30.49,31.67,30.49,31.36,0
2009-09-11 09:15:00,29.51,31.38,29.37,30.58,0
2009-09-14 09:15:00,31.63,32.34,31.55,31.55,0
2009-09-15 09:15:00,31.11,31.4,29.76,30.12,0
2009-09-16 09:15:00,29.01,29.55,28.21,28.29,0
2009-09-17 09:15:00,27.97,28.48,27.63,27.89,0
2009-09-18 09:15:00,27.14,28.08,26.8,26.99,0
2009-09-22 09:15:00,26.99,32.65,26.3,26.87,0
2009-09-23 09:15:00,26.87,27.5,26.27,26.47,0
2009-09-24 09:15:00,26.47,27.99,24.29,24.31,0
2009-09-25 09:15:00,24.31,27.77,24.05,25.69,0
2009-09-29 09:15:00,25.69,27.2,25.69,26.17,0
2009-09-30 09:15:00,26.17,26.63,25.01,25.29,0
2009-10-01 09:15:00,25.29,25.65,25.06,25.24,0
2009-10-05 09:15:00,25.24,28.94,25.24,28.68,0
2009-10-06 09:15:00,26.57,30.25,26.57,27.73,0
2009-10-07 09:15:00,27.73,30.72,27.16,30.53,0
2009-10-08 09:15:00,28.39,30.15,28.39,29.9,0
2009-10-09 09:15:00,27.2,30.6,27.2,30.24,0
2009-10-12 09:15:00,29.73,30.85,28.01,28.1,0
2009-10-14 09:15:00,27.72,27.92,26.37,26.37,0
2009-10-15 09:15:00,22.84,27.64,22.84,26.64,0
2009-10-16 09:15:00,25.45,27.17,25.45,25.94,0
2009-10-17 09:15:00,25.94,26.36,23.5,26.29,0
2009-10-20 09:15:00,23.73,26.95,23.73,26.67,0
2009-10-21 09:15:00,25.53,27.17,25.53,26.77,0
2009-10-22 09:15:00,25.55,27.29,25.55,26.51,0
2009-10-23 09:15:00,25.02,25.92,24.86,25.22,0
2009-10-26 09:15:00,23.56,26.55,23.56,26.04,0
2009-10-27 09:15:00,26.04,28.17,25.22,28.07,0
2009-10-28 09:15:00,28.07,28.68,27.0,28.49,0
2009-10-29 09:15:00,28.13,31.98,27.73,28.31,0
2009-10-30 09:15:00,25.91,29.37,25.7,28.81,0
2009-11-03 09:15:00,25.29,33.04,25.29,32.04,0
2009-11-04 09:15:00,28.54,32.42,28.54,30.04,0
2009-11-05 09:15:00,28.48,31.8,28.48,30.03,0
2009-11-06 09:15:00,27.38,30.73,27.38,29.21,0
2009-11-09 09:15:00,29.21,30.9,28.94,29.52,0
2009-11-10 09:15:00,26.85,30.5,26.85,30.15,0
2009-11-11 09:15:00,30.23,31.7,28.59,30.84,0
2009-11-12 09:15:00,27.17,30.41,27.17,29.61,0
2009-11-13 09:15:00,26.63,29.94,26.63,29.65,0
2009-11-16 09:15:00,29.65,29.65,27.8,28.04,0
2009-11-17 09:15:00,28.04,28.06,26.75,26.75,0
2009-11-18 09:15:00,25.18,26.84,25.18,26.29,0
2009-11-19 09:15:00,23.72,27.91,23.72,27.48,0
2009-11-20 09:15:00,27.48,29.1,26.23,28.61,0
2009-11-23 09:15:00,28.61,28.61,24.48,26.28,0
2009-11-24 09:15:00,26.28,26.85,24.94,25.45,0
2009-11-25 09:15:00,25.45,26.47,23.62,24.66,0
2009-11-26 09:15:00,24.66,30.13,24.51,28.12,0
2009-11-27 09:15:00,28.12,35.84,28.12,30.13,0
2009-11-30 09:15:00,30.13,30.13,26.74,27.4,0
2009-12-01 09:15:00,25.57,26.7,24.94,26.27,0
2009-12-02 09:15:00,24.08,26.16,24.08,25.64,0
2009-12-03 09:15:00,25.64,27.3,24.73,25.59,0
2009-12-04 09:15:00,23.78,26.9,23.78,25.61,0
2009-12-14 09:15:00,24.72,28.27,24.72,27.82,0
2009-12-15 09:15:00,25.81,28.68,25.81,28.59,0
2009-12-16 09:15:00,27.38,28.39,27.28,27.36,0
2009-12-17 09:15:00,23.5,27.65,23.5,27.23,0
2009-12-18 09:15:00,25.5,27.21,25.5,26.59,0
2009-12-21 09:15:00,24.19,27.34,24.19,25.95,0
2009-12-22 09:15:00,24.97,25.75,24.5,24.69,0
2009-12-23 09:15:00,22.82,26.55,22.82,24.49,0
2009-12-24 09:15:00,22.76,23.96,22.65,22.94,0
2009-12-29 09:15:00,22.94,24.9,22.94,24.33,0
2009-12-30 09:15:00,24.33,25.11,24.2,24.58,0
2009-12-31 09:15:00,23.24,24.39,23.16,23.35,0
2010-01-04 09:15:00,23.35,24.95,23.35,23.73,0
2010-01-05 09:15:00,23.73,23.73,22.08,22.21,0
2010-01-06 09:15:00,21.73,22.57,21.73,22.1,0
2010-01-07 09:15:00,21.27,22.92,21.25,22.29,0
2010-01-08 09:15:00,20.64,22.71,20.64,22.41,0
2010-01-11 09:15:00,22.25,22.83,22.15,22.45,0
2010-01-12 09:15:00,22.45,23.19,22.24,22.96,0
2010-01-13 09:15:00,21.13,23.11,21.13,21.96,0
2010-01-14 09:15:00,19.5,21.83,19.5,20.89,0
2010-01-15 09:15:00,20.11,21.36,20.11,21.06,0
2010-01-18 09:15:00,19.39,22.13,19.39,21.64,0
2010-01-19 09:15:00,20.32,22.36,20.32,22.01,0
2010-01-20 09:15:00,19.79,22.83,19.79,22.25,0
2010-01-21 09:15:00,20.94,24.89,20.94,24.17,0
2010-01-22 09:15:00,24.17,26.7,24.17,25.4,0
2010-01-25 09:15:00,25.25,26.45,25.04,25.81,0
2010-01-27 09:15:00,24.71,29.23,24.71,29.2,0
2010-01-28 09:15:00,26.55,29.23,26.55,26.93,0
2010-01-29 09:15:00,27.1,28.54,25.72,26.65,0
2010-02-01 09:15:00,23.35,27.3,23.35,26.17,0
2010-02-02 09:15:00,23.94,27.43,23.94,26.05,0
2010-02-03 09:15:00,25.79,27.05,25.39,26.23,0
2010-02-04 09:15:00,23.63,27.49,23.63,26.56,0
2010-02-05 09:15:00,26.56,31.16,26.56,29.96,0
2010-02-06 09:15:00,29.96,29.96,28.05,29.18,0
2010-02-08 09:15:00,29.18,31.74,29.18,31.33,0
2010-02-09 09:15:00,30.24,30.61,29.61,29.91,0
2010-02-10 09:15:00,28.37,30.79,28.37,30.61,0
2010-02-11 09:15:00,27.29,29.73,27.29,29.14,0
2010-02-15 09:15:00,29.34,30.56,29.18,29.67,0
2010-02-16 09:15:00,27.73,29.73,27.73,28.92,0
2010-02-17 09:15:00,26.49,28.61,26.49,27.75,0
2010-02-18 09:15:00,26.49,28.57,26.49,28.42,0
2010-02-19 09:15:00,26.68,30.62,26.68,30.45,0
2010-02-22 09:15:00,28.19,31.82,28.19,31.8,0
2010-02-23 09:15:00,31.27,32.13,30.89,31.09,0
2010-02-24 09:15:00,29.13,31.32,29.13,30.55,0
2010-02-25 09:15:00,30.55,30.6,28.84,29.71,0
2010-02-26 09:15:00,29.71,29.86,23.38,25.24,0
2010-03-02 09:15:00,23.27,23.66,21.99,22.82,0
2010-03-03 09:15:00,20.83,21.83,20.8,21.3,0
2010-03-04 09:15:00,20.3,21.65,20.3,21.24,0
2010-03-05 09:15:00,19.48,21.43,19.48,21.0,0
2010-03-08 09:15:00,19.8,21.21,19.8,20.82,0
2010-03-09 09:15:00,20.44,21.18,20.39,20.96,0
2010-03-10 09:15:00,18.41,20.77,18.41,20.25,0
2010-03-11 09:15:00,18.55,20.64,18.55,20.53,0
2010-03-12 09:15:00,18.48,20.39,18.48,19.82,0
2010-03-15 09:15:00,19.14,20.93,19.14,20.43,0
2010-03-16 09:15:00,18.73,20.27,18.73,20.17,0
2010-03-17 09:15:00,17.86,19.57,17.86,19.04,0
2010-03-18 09:15:00,17.96,19.7,17.96,19.26,0
2010-03-19 09:15:00,18.07,19.39,18.07,18.94,0
2010-03-22 09:15:00,18.94,20.3,18.0,20.21,0
2010-03-23 09:15:00,20.21,20.39,18.32,18.42,0
2010-03-25 09:15:00,18.42,19.26,17.23,17.84,0
2010-03-26 09:15:00,17.84,18.32,16.63,18.23,0
2010-03-29 09:15:00,18.16,19.89,18.16,19.48,0
2010-03-30 09:15:00,18.28,19.89,18.28,19.89,0
2010-03-31 09:15:00,19.89,20.05,18.94,19.82,0
2010-04-01 09:15:00,18.8,19.42,17.48,18.09,0
2010-04-05 09:15:00,17.43,18.28,16.94,17.5,0
2010-04-06 09:15:00,17.5,17.52,16.47,17.3,0
2010-04-07 09:15:00,17.3,17.79,16.63,17.5,0
2010-04-08 09:15:00,16.68,19.8,16.54,19.57,0
2010-04-09 09:15:00,18.05,18.85,18.03,18.6,0
2010-04-12 09:15:00,17.29,20.59,17.29,19.97,0
2010-04-13 09:15:00,18.96,20.39,18.96,20.1,0
2010-04-15 09:15:00,17.76,21.58,17.76,21.43,0
2010-04-16 09:15:00,20.43,22.04,20.43,21.63,0
2010-04-19 09:15:00,21.63,23.27,21.19,22.72,0
2010-04-20 09:15:00,22.72,22.72,20.81,20.82,0
2010-04-21 09:15:00,18.89,20.39,18.89,19.78,0
2010-04-22 09:15:00,19.89,21.16,19.3,20.53,0
2010-04-23 09:15:00,19.1,20.91,19.07,20.35,0
2010-04-26 09:15:00,19.0,20.66,18.94,19.82,0
2010-04-27 09:15:00,19.82,20.09,19.64,19.82,0
2010-04-28 09:15:00,19.82,23.12,18.92,22.73,0
2010-04-29 09:15:00,22.73,22.73,20.05,21.09,0
2010-04-30 09:15:00,18.94,20.77,18.94,20.29,0
2010-05-03 09:15:00,20.56,22.46,20.56,22.11,0
2010-05-04 09:15:00,20.95,23.83,20.95,23.7,0
2010-05-05 09:15:00,23.7,25.31,22.13,24.85,0
2010-05-06 09:15:00,21.73,26.23,21.73,24.23,0
2010-05-07 09:15:00,24.23,27.88,22.76,27.31,0
2010-05-10 09:15:00,27.31,27.31,23.69,25.62,0
2010-05-11 09:15:00,25.62,25.72,22.14,25.59,0
2010-05-12 09:15:00,22.93,26.86,22.93,25.69,0
2010-05-13 09:15:00,22.44,25.3,22.44,24.54,0
2010-05-14 09:15:00,23.73,26.41,23.73,26.18,0
2010-05-17 09:15:00,25.27,29.1,25.27,26.93,0
2010-05-18 09:15:00,24.48,27.44,24.48,26.43,0
2010-05-19 09:15:00,24.88,31.28,24.88,29.99,0
2010-05-20 09:15:00,29.22,30.89,27.37,30.04,0
2010-05-21 09:15:00,27.01,31.9,27.01,31.27,0
2010-05-24 09:15:00,31.27,31.37,28.42,30.84,0
2010-05-25 09:15:00,30.84,35.75,29.14,34.36,0
2010-05-26 09:15:00,34.36,34.36,31.29,32.29,0
2010-05-27 09:15:00,32.29,32.29,28.98,29.62,0
2010-05-28 09:15:00,29.62,29.62,26.22,26.22,0
2010-05-31 09:15:00,26.67,27.48,26.2,26.43,0
2010-06-01 09:15:00,26.07,29.3,26.07,28.6,0
2010-06-02 09:15:00,27.88,29.2,27.8,28.06,0
2010-06-03 09:15:00,25.99,26.38,25.19,25.4,0
2010-06-04 09:15:00,25.45,25.63,24.25,25.02,0
2010-06-07 09:15:00,25.02,28.36,25.02,28.27,0
2010-06-08 09:15:00,27.23,29.29,27.14,28.79,0
2010-06-09 09:15:00,28.15,28.64,27.51,28.09,0
2010-06-10 09:15:00,27.81,27.96,26.43,26.73,0
2010-06-11 09:15:00,25.15,25.56,24.75,25.06,0
2010-06-14 09:15:00,24.79,24.79,22.88,23.23,0
2010-06-15 09:15:00,22.97,23.25,21.63,21.95,0
2010-06-16 09:15:00,20.58,22.63,20.58,22.22,0
2010-06-17 09:15:00,20.78,22.49,20.78,21.66,0
2010-06-18 09:15:00,19.7,21.04,19.7,20.52,0
2010-06-21 09:15:00,18.52,20.21,18.52,19.91,0
2010-06-22 09:15:00,19.91,21.32,19.86,20.58,0
2010-06-23 09:15:00,21.27,21.86,20.3,20.3,0
2010-06-24 09:15:00,20.3,21.6,19.3,19.8,0
2010-06-25 09:15:00,19.8,20.86,19.48,20.19,0
2010-06-28 09:15:00,20.37,20.89,19.54,19.71,0
2010-06-29 09:15:00,19.69,21.58,19.69,20.68,0
2010-06-30 09:15:00,21.22,21.78,20.05,21.11,0
2010-07-01 09:15:00,21.53,21.95,20.3,21.74,0
2010-07-02 09:15:00,21.74,21.91,20.71,21.89,0
2010-07-05 09:15:00,21.89,22.58,21.86,21.98,0
2010-07-06 09:15:00,21.98,22.33,20.75,20.9,0
2010-07-07 09:15:00,20.9,22.41,20.47,22.11,0
2010-07-08 09:15:00,22.11,22.11,20.63,21.15,0
2010-07-09 09:15:00,21.15,21.15,19.84,20.22,0
2010-07-12 09:15:00,18.75,20.41,18.57,19.89,0
2010-07-13 09:15:00,19.89,20.29,19.05,19.12,0
2010-07-14 09:15:00,18.16,20.2,18.07,20.07,0
2010-07-15 09:15:00,19.98,20.47,18.82,20.11,0
2010-07-16 09:15:00,20.11,20.42,18.75,19.7,0
2010-07-19 09:15:00,19.7,20.87,19.36,20.71,0
2010-07-20 09:15:00,20.71,20.71,19.61,20.38,0
2010-07-21 09:15:00,20.38,20.38,18.82,20.0,0
2010-07-22 09:15:00,20.0,20.37,18.68,18.89,0
2010-07-23 09:15:00,18.89,19.72,17.14,19.23,0
2010-07-26 09:15:00,19.23,20.05,18.62,19.97,0
2010-07-27 09:15:00,19.97,20.16,18.96,19.22,0
2010-07-28 09:15:00,19.22,19.8,17.96,19.52,0
2010-07-29 09:15:00,19.52,19.64,18.32,18.32,0
2010-07-30 09:15:00,18.32,19.23,16.25,18.94,0
2010-08-02 09:15:00,18.94,19.26,17.92,17.98,0
2010-08-03 09:15:00,17.98,18.26,16.78,17.55,0
2010-08-04 09:15:00,17.55,17.64,16.73,17.04,0
2010-08-05 09:15:00,17.04,17.72,15.83,17.71,0
2010-08-06 09:15:00,17.71,17.71,16.63,17.37,0
2010-08-09 09:15:00,17.37,17.92,16.87,17.0,0
2010-08-10 09:15:00,17.0,17.75,16.37,17.32,0
2010-08-11 09:15:00,17.32,18.11,16.39,18.11,0
2010-08-12 09:15:00,18.11,18.71,16.73,18.0,0
2010-08-13 09:15:00,18.0,18.0,15.87,16.73,0
2010-08-16 09:15:00,16.73,18.32,15.8,18.11,0
2010-08-17 09:15:00,18.11,18.11,16.25,17.63,0
2010-08-18 09:15:00,17.63,17.76,15.42,16.39,0
2010-08-19 09:15:00,16.39,17.02,15.47,16.53,0
2010-08-20 09:15:00,16.53,16.87,15.29,16.7,0
2010-08-23 09:15:00,16.7,17.3,15.44,17.14,0
2010-08-24 09:15:00,17.14,17.8,15.58,16.98,0
2010-08-25 09:15:00,16.98,19.35,15.4,18.92,0
2010-08-26 09:15:00,18.92,18.92,16.89,17.09,0
2010-08-27 09:15:00,17.09,19.63,15.28,19.63,0
2010-08-30 09:15:00,19.63,19.63,16.6,18.36,0
2010-08-31 09:15:00,18.36,19.42,17.59,18.47,0
2010-09-01 09:15:00,18.47,18.47,16.66,16.7,0
2010-09-02 09:15:00,16.7,16.7,15.13,16.14,0
2010-09-03 09:15:00,16.14,16.44,15.23,15.86,0
2010-09-06 09:15:00,15.86,16.11,15.09,15.22,0
2010-09-07 09:15:00,15.22,16.0,14.35,15.83,0
2010-09-08 09:15:00,15.83,16.32,15.16,15.97,0
2010-09-09 09:15:00,15.97,16.2,14.94,15.92,0
2010-09-13 09:15:00,15.92,18.23,14.88,18.14,0
2010-09-14 09:15:00,18.14,20.63,16.88,18.6,0
2010-09-15 09:15:00,18.6,20.07,17.54,19.43,0
2010-09-16 09:15:00,19.43,20.09,17.97,18.85,0
2010-09-17 09:15:00,18.85,19.48,16.51,19.48,0
2010-09-20 09:15:00,19.48,21.97,17.85,21.95,0
2010-09-21 09:15:00,21.95,24.3,20.94,22.63,0
2010-09-22 09:15:00,22.63,24.35,20.61,24.29,0
2010-09-23 09:15:00,24.29,24.46,20.71,23.9,0
2010-09-24 09:15:00,23.9,23.9,21.58,21.71,0
2010-09-27 09:15:00,21.71,22.82,20.47,22.36,0
2010-09-28 09:15:00,22.36,22.42,20.85,21.21,0
2010-09-29 09:15:00,21.21,22.57,18.8,22.16,0
2010-09-30 09:15:00,22.16,22.95,19.05,22.25,0
2010-10-01 09:15:00,22.25,22.25,20.21,21.43,0
2010-10-04 09:15:00,21.43,22.88,21.43,22.8,0
2010-10-05 09:15:00,22.8,23.01,21.81,22.17,0
2010-10-06 09:15:00,22.17,22.17,20.59,21.73,0
2010-10-07 09:15:00,21.73,22.78,19.32,22.45,0
2010-10-08 09:15:00,22.45,22.45,21.03,21.4,0
2010-10-11 09:15:00,21.4,21.76,19.67,21.2,0
2010-10-12 09:15:00,21.2,22.22,20.5,20.51,0
2010-10-13 09:15:00,20.51,20.51,19.01,20.02,0
2010-10-14 09:15:00,20.02,20.99,18.14,20.6,0
2010-10-15 09:15:00,20.6,22.67,17.8,22.65,0
2010-10-18 09:15:00,22.65,23.99,21.97,22.35,0
2010-10-19 09:15:00,22.35,23.23,20.58,23.23,0
2010-10-20 09:15:00,23.23,23.86,21.92,23.8,0
2010-10-21 09:15:00,23.8,23.8,21.92,22.19,0
2010-10-22 09:15:00,22.19,22.44,20.42,21.61,0
2010-10-25 09:15:00,21.61,22.04,20.67,21.36,0
2010-10-26 09:15:00,21.36,21.6,18.47,20.55,0
2010-10-27 09:15:00,20.55,21.76,20.09,21.02,0
2010-10-28 09:15:00,21.02,21.22,20.28,20.52,0
2010-10-29 09:15:00,20.52,22.0,20.03,20.76,0
2010-11-01 09:15:00,20.76,21.19,20.3,20.92,0
2010-11-02 09:15:00,20.92,21.86,19.43,21.25,0
2010-11-03 09:15:00,21.25,21.66,19.23,21.53,0
2010-11-04 09:15:00,21.53,21.53,19.26,19.36,0
2010-11-05 09:15:00,19.36,19.43,17.71,19.22,0
2010-11-08 09:15:00,19.22,20.12,17.48,19.61,0
2010-11-09 09:15:00,19.61,19.78,17.17,18.75,0
2010-11-10 09:15:00,18.75,19.26,16.45,19.07,0
2010-11-11 09:15:00,19.07,19.91,16.38,19.36,0
2010-11-12 09:15:00,19.36,22.41,17.63,21.63,0
2010-11-15 09:15:00,21.63,22.48,19.26,20.25,0
2010-11-16 09:15:00,20.25,22.42,17.52,21.13,0
2010-11-18 09:15:00,21.13,22.82,17.59,20.62,0
2010-11-19 09:15:00,20.62,21.91,18.41,21.6,0
2010-11-22 09:15:00,21.6,21.85,19.44,19.93,0
2010-11-23 09:15:00,19.93,24.95,19.39,23.26,0
2010-11-24 09:15:00,23.26,24.95,20.95,24.68,0
2010-11-25 09:15:00,24.68,24.68,21.12,21.63,0
2010-11-26 09:15:00,21.63,23.84,20.1,22.58,0
2010-11-29 09:15:00,22.58,22.89,21.31,21.31,0
2010-11-30 09:15:00,21.31,22.22,20.64,20.71,0
2010-12-01 09:15:00,20.71,20.71,19.07,19.2,0
2010-12-02 09:15:00,19.2,19.51,17.55,18.8,0
2010-12-03 09:15:00,18.8,19.28,17.14,18.6,0
2010-12-06 09:15:00,18.6,19.37,17.46,19.37,0
2010-12-07 09:15:00,19.37,19.79,17.75,19.23,0
2010-12-08 09:15:00,19.23,20.95,18.21,20.43,0
2010-12-09 09:15:00,20.43,23.01,18.22,22.6,0
2010-12-10 09:15:00,22.6,22.86,21.43,21.63,0
2010-12-13 09:15:00,21.63,23.72,20.14,22.57,0
2010-12-14 09:15:00,22.57,22.83,21.29,21.46,0
2010-12-15 09:15:00,21.46,22.09,20.67,21.42,0
2010-12-16 09:15:00,21.42,21.6,19.94,20.23,0
2010-12-20 09:15:00,20.23,21.88,20.23,20.78,0
2010-12-21 09:15:00,20.78,20.78,18.75,19.77,0
2010-12-22 09:15:00,19.77,20.05,18.67,19.55,0
2010-12-23 09:15:00,19.55,19.78,18.8,19.03,0
2010-12-24 09:15:00,19.03,19.3,17.62,17.64,0
2010-12-27 09:15:00,17.64,18.69,17.05,18.45,0
2010-12-28 09:15:00,18.45,18.82,17.89,18.13,0
2010-12-29 09:15:00,18.13,18.32,17.13,17.13,0
2010-12-30 09:15:00,17.13,17.98,16.48,17.02,0
2010-12-31 09:15:00,17.02,17.05,16.34,16.55,0
2011-01-03 09:15:00,16.55,17.1,15.28,16.98,0
2011-01-04 09:15:00,16.98,17.52,15.76,17.03,0
2011-01-05 09:15:00,17.03,18.43,16.8,17.88,0
2011-01-06 09:15:00,17.88,18.87,16.69,18.2,0
2011-01-07 09:15:00,18.2,20.87,17.64,20.82,0
2011-01-10 09:15:00,20.82,23.24,19.61,23.16,0
2011-01-11 09:15:00,23.16,24.11,21.73,22.33,0
2011-01-12 09:15:00,22.33,23.76,20.44,21.41,0
2011-01-13 09:15:00,21.41,23.49,21.15,23.15,0
2011-01-14 09:15:00,23.15,24.06,20.99,23.81,0
2011-01-17 09:15:00,23.81,25.52,23.57,23.57,0
2011-01-18 09:15:00,23.57,23.64,21.44,21.46,0
2011-01-19 09:15:00,21.46,21.84,20.6,21.09,0
2011-01-20 09:15:00,21.09,21.77,20.05,21.01,0
2011-01-21 09:15:00,21.01,21.49,19.05,21.03,0
2011-01-24 09:15:00,21.03,21.14,20.1,20.17,0
2011-01-25 09:15:00,20.17,21.1,18.93,20.78,0
2011-01-27 09:15:00,20.78,22.27,19.07,22.09,0
2011-01-28 09:15:00,22.09,23.79,21.74,22.58,0
2011-01-31 09:15:00,22.58,24.67,22.58,23.41,0
2011-02-01 09:15:00,23.41,24.69,21.67,23.73,0
2011-02-02 09:15:00,23.73,23.73,21.65,23.52,0
2011-02-03 09:15:00,23.52,23.54,22.46,22.69,0
2011-02-04 09:15:00,22.69,24.77,21.96,24.41,0
2011-02-07 09:15:00,24.41,25.44,23.59,24.69,0
2011-02-08 09:15:00,24.69,25.32,23.17,24.74,0
2011-02-09 09:15:00,24.74,26.03,24.53,25.24,0
2011-02-10 09:15:00,25.24,26.11,23.92,24.82,0
2011-02-11 09:15:00,24.82,24.84,21.86,23.47,0
2011-02-14 09:15:00,23.47,23.69,21.56,22.58,0
2011-02-15 09:15:00,22.58,23.43,20.76,22.85,0
2011-02-16 09:15:00,22.85,23.59,21.7,23.05,0
2011-02-17 09:15:00,23.05,23.41,22.04,22.57,0
2011-02-18 09:15:00,22.57,24.52,20.38,24.18,0
2011-02-21 09:15:00,24.18,26.27,23.65,24.91,0
2011-02-22 09:15:00,24.91,28.13,24.91,26.85,0
2011-02-23 09:15:00,26.85,27.24,26.17,26.55,0
2011-02-24 09:15:00,26.55,28.9,26.39,28.2,0
2011-02-25 09:15:00,28.2,29.05,27.19,27.27,0
2011-02-28 09:15:00,27.27,27.88,22.37,24.4,0
2011-03-01 09:15:00,24.4,24.4,22.22,22.22,0
2011-03-03 09:15:00,22.22,23.84,22.07,22.96,0
2011-03-04 09:15:00,22.96,23.51,21.83,22.91,0
2011-03-07 09:15:00,22.91,26.12,22.91,25.22,0
2011-03-08 09:15:00,25.22,25.22,23.63,23.67,0
2011-03-09 09:15:00,23.67,24.23,22.46,23.28,0
2011-03-10 09:15:00,23.28,24.17,22.63,23.53,0
2011-03-11 09:15:00,23.53,25.22,22.87,24.13,0
2011-03-14 09:15:00,24.13,24.64,23.07,23.3,0
2011-03-15 09:15:00,23.3,27.52,23.3,26.63,0
2011-03-16 09:15:00,26.63,26.63,24.14,24.89,0
2011-03-17 09:15:00,24.89,26.11,23.47,25.26,0
2011-03-18 09:15:00,25.26,26.6,23.27,25.89,0
2011-03-21 09:15:00,25.89,26.59,23.69,25.21,0
2011-03-22 09:15:00,25.21,25.21,22.18,22.26,0
2011-03-23 09:15:00,22.26,22.37,20.97,20.97,0
2011-03-24 09:15:00,20.97,20.97,18.82,19.84,0
2011-03-25 09:15:00,19.84,20.68,19.0,20.47,0
2011-03-28 09:15:00,20.47,21.87,20.23,21.02,0
2011-03-29 09:15:00,21.02,22.19,20.37,21.22,0
2011-03-30 09:15:00,21.22,22.14,19.95,22.04,0
2011-03-31 09:15:00,22.04,22.98,21.13,22.18,0
2011-04-01 09:15:00,22.18,22.18,20.1,20.11,0
2011-04-04 09:15:00,20.11,21.06,19.89,20.05,0
2011-04-05 09:15:00,20.05,20.72,18.84,19.89,0
2011-04-06 09:15:00,19.89,20.54,19.42,20.36,0
2011-04-07 09:15:00,20.36,20.79,19.97,20.32,0
2011-04-08 09:15:00,20.32,21.06,19.23,20.54,0
2011-04-11 09:15:00,20.54,21.63,20.36,21.24,0
2011-04-13 09:15:00,21.24,21.29,20.28,20.41,0
2011-04-15 09:15:00,20.41,22.4,19.54,21.59,0
2011-04-18 09:15:00,21.59,22.99,21.14,22.45,0
2011-04-19 09:15:00,22.45,23.04,21.5,22.07,0
2011-04-20 09:15:00,22.07,22.07,20.79,20.99,0
2011-04-21 09:15:00,20.99,20.99,19.86,20.51,0
2011-04-25 09:15:00,20.51,21.62,20.41,20.91,0
2011-04-26 09:15:00,20.91,22.42,20.88,21.71,0
2011-04-27 09:15:00,21.71,21.89,20.72,21.35,0
2011-04-28 09:15:00,21.35,21.65,20.25,20.92,0
2011-04-29 09:15:00,20.92,20.92,18.45,19.57,0
2011-05-02 09:15:00,19.57,21.13,19.57,20.88,0
2011-05-03 09:15:00,20.88,21.94,20.35,21.58,0
2011-05-04 09:15:00,21.58,21.81,20.58,21.18,0
2011-05-05 09:15:00,21.18,21.7,19.88,21.6,0
2011-05-06 09:15:00,21.6,21.6,19.36,20.97,0
2011-05-09 09:15:00,20.97,21.95,19.92,21.5,0
2011-05-10 09:15:00,21.5,21.91,20.19,21.74,0
2011-05-11 09:15:00,21.74,21.74,19.89,21.24,0
2011-05-12 09:15:00,21.24,21.45,19.82,21.23,0
2011-05-13 09:15:00,21.23,21.23,19.39,20.63,0
2011-05-16 09:15:00,20.63,21.97,19.89,21.46,0
2011-05-17 09:15:00,21.46,21.46,19.76,21.03,0
2011-05-18 09:15:00,21.03,21.42,19.42,20.71,0
2011-05-19 09:15:00,20.71,20.72,19.13,20.41,0
2011-05-20 09:15:00,20.41,20.41,18.42,19.45,0
2011-05-23 09:15:00,19.45,23.45,18.52,21.04,0
2011-05-24 09:15:00,21.04,21.36,19.55,19.93,0
2011-05-25 09:15:00,19.93,24.31,19.35,20.66,0
2011-05-26 09:15:00,20.66,20.85,18.53,19.18,0
2011-05-27 09:15:00,19.18,19.18,17.14,17.25,0
2011-05-30 09:15:00,17.25,18.87,17.25,17.87,0
2011-05-31 09:15:00,17.87,17.87,16.67,16.82,0
2011-06-01 09:15:00,16.82,17.43,16.36,16.73,0
2011-06-02 09:15:00,16.73,18.04,16.73,17.98,0
2011-06-03 09:15:00,17.98,18.17,16.98,17.61,0
2011-06-06 09:15:00,17.61,18.84,17.59,18.21,0
2011-06-07 09:15:00,18.21,18.57,17.84,18.03,0
2011-06-08 09:15:00,18.03,18.72,17.71,18.57,0
2011-06-09 09:15:00,18.57,19.0,17.8,18.57,0
2011-06-10 09:15:00,18.57,19.75,17.55,18.54,0
2011-06-13 09:15:00,18.54,19.41,18.23,18.91,0
2011-06-14 09:15:00,18.91,18.91,17.53,18.51,0
2011-06-15 09:15:00,18.51,19.22,17.89,19.14,0
2011-06-16 09:15:00,19.14,19.86,18.34,19.66,0
2011-06-17 09:15:00,19.66,20.28,18.6,20.27,0
2011-06-20 09:15:00,20.27,24.38,19.78,22.18,0
2011-06-21 09:15:00,22.18,22.18,20.93,21.31,0
2011-06-22 09:15:00,21.31,21.31,20.23,20.89,0
2011-06-23 09:15:00,20.89,20.95,19.47,19.5,0
2011-06-24 09:15:00,19.5,19.5,18.25,19.32,0
2011-06-27 09:15:00,19.32,20.37,19.21,19.98,0
2011-06-28 09:15:00,19.98,19.98,19.32,19.48,0
2011-06-29 09:15:00,19.48,19.54,18.76,19.46,0
2011-06-30 09:15:00,19.46,19.46,18.41,18.41,0
2011-07-01 09:15:00,18.41,18.43,17.79,18.21,0
2011-07-04 09:15:00,18.21,18.71,17.84,18.17,0
2011-07-05 09:15:00,18.17,18.52,17.78,18.25,0
2011-07-06 09:15:00,18.25,18.48,18.12,18.34,0
2011-07-07 09:15:00,18.34,18.62,17.35,18.62,0
2011-07-08 09:15:00,18.62,18.79,18.02,18.67,0
2011-07-11 09:15:00,18.67,19.71,18.6,19.69,0
2011-07-12 09:15:00,19.69,21.22,19.41,20.83,0
2011-07-13 09:15:00,20.83,20.83,19.5,19.52,0
2011-07-14 09:15:00,19.52,20.29,17.85,19.97,0
2011-07-15 09:15:00,19.97,20.26,19.07,19.95,0
2011-07-18 09:15:00,19.95,20.39,19.29,20.2,0
2011-07-19 09:15:00,20.2,20.2,19.07,19.25,0
2011-07-20 09:15:00,19.25,19.46,18.48,19.11,0
2011-07-21 09:15:00,19.11,19.16,18.64,18.75,0
2011-07-22 09:15:00,18.75,18.75,17.27,17.91,0
2011-07-25 09:15:00,17.91,19.23,16.55,19.2,0
2011-07-26 09:15:00,19.2,19.59,18.41,19.3,0
2011-07-27 09:15:00,19.3,19.36,18.13,18.25,0
2011-07-28 09:15:00,18.25,19.04,18.25,18.51,0
2011-07-29 09:15:00,18.51,19.88,18.39,19.77,0
2011-08-01 09:15:00,19.77,19.77,18.57,18.78,0
2011-08-02 09:15:00,18.78,19.51,18.38,19.14,0
2011-08-03 09:15:00,19.14,19.98,18.98,19.48,0
2011-08-04 09:15:00,19.43,20.28,19.26,20.22,0
2011-08-05 09:15:00,20.22,26.4,19.84,24.9,0
2011-08-08 09:15:00,24.9,29.65,24.9,28.78,0
2011-08-09 09:15:00,28.78,37.0,28.78,34.88,0
2011-08-10 09:15:00,34.88,34.88,26.09,28.95,0
2011-08-11 09:15:00,28.95,29.49,27.4,29.09,0
2011-08-12 09:15:00,29.09,29.09,25.65,27.02,0
2011-08-16 09:15:00,27.02,27.13,24.99,26.46,0
2011-08-17 09:15:00,26.46,26.46,24.53,25.48,0
2011-08-18 09:15:00,25.48,27.87,22.35,27.45,0
2011-08-19 09:15:00,27.45,31.13,25.9,29.19,0
2011-08-22 09:15:00,29.19,30.35,27.03,27.08,0
2011-08-23 09:15:00,27.08,29.06,25.23,25.92,0
2011-08-24 09:15:00,25.92,29.22,24.93,28.6,0
2011-08-25 09:15:00,28.6,30.34,26.41,27.94,0
2011-08-26 09:15:00,27.94,33.26,27.75,33.26,0
2011-08-29 09:15:00,33.26,33.26,25.66,26.07,0
2011-08-30 09:15:00,26.07,26.4,24.4,24.88,0
2011-09-02 09:15:00,24.88,26.37,24.01,26.09,0
2011-09-05 09:15:00,26.09,28.32,26.09,27.83,0
2011-09-06 09:15:00,27.83,30.5,26.81,28.66,0
2011-09-07 09:15:00,28.66,28.77,27.4,27.86,0
2011-09-08 09:15:00,27.86,28.67,26.98,27.64,0
2011-09-09 09:15:00,27.64,28.28,26.15,28.15,0
2011-09-12 09:15:00,28.15,32.92,27.31,32.75,0
2011-09-13 09:15:00,32.75,33.71,29.42,32.77,0
2011-09-14 09:15:00,32.77,34.74,31.24,32.45,0
2011-09-15 09:15:00,32.45,33.72,29.91,30.79,0
2011-09-16 09:15:00,30.79,30.79,28.37,28.45,0
2011-09-19 09:15:00,28.45,30.75,27.56,29.6,0
2011-09-20 09:15:00,29.6,29.6,27.01,27.25,0
2011-09-21 09:15:00,27.25,28.17,25.99,27.67,0
2011-09-22 09:15:00,27.67,34.92,27.67,33.88,0
2011-09-23 09:15:00,33.88,37.54,33.52,35.15,0
2011-09-26 09:15:00,35.15,38.19,34.47,35.43,0
2011-09-27 09:15:00,35.43,35.43,31.24,32.01,0
2011-09-28 09:15:00,32.01,34.11,31.03,32.0,0
2011-09-29 09:15:00,32.0,32.81,30.5,31.07,0
2011-09-30 09:15:00,31.07,32.52,30.28,31.94,0
2011-10-03 09:15:00,31.94,36.04,31.94,35.07,0
2011-10-04 09:15:00,35.07,39.02,34.79,37.19,0
2011-10-05 09:15:00,37.19,37.19,34.76,35.36,0
2011-10-07 09:15:00,35.36,35.36,29.9,33.02,0
2011-10-10 09:15:00,33.02,33.71,30.03,30.03,0
2011-10-11 09:15:00,30.03,30.95,28.15,30.3,0
2011-10-12 09:15:00,30.3,30.3,28.01,28.41,0
2011-10-13 09:15:00,28.41,28.54,27.42,28.24,0
2011-10-14 09:15:00,28.24,28.31,25.73,25.98,0
2011-10-17 09:15:00,25.98,26.53,25.0,25.43,0
2011-10-18 09:15:00,25.43,26.59,25.33,25.9,0
2011-10-19 09:15:00,25.9,25.9,23.53,24.05,0
2011-10-20 09:15:00,24.05,26.54,19.6,25.6,0
2011-10-21 09:15:00,25.6,26.7,24.39,26.3,0
2011-10-24 09:15:00,26.3,26.3,24.58,25.22,0
2011-10-25 09:15:00,25.22,25.22,22.0,22.31,0
2011-10-26 09:15:00,22.31,22.69,22.01,22.69,0
2011-10-28 09:15:00,22.69,22.69,20.57,20.89,0
2011-10-31 09:15:00,20.27,22.79,20.27,22.66,0
2011-11-01 09:15:00,20.73,24.6,20.73,24.02,0
2011-11-02 09:15:00,24.02,24.92,23.57,24.89,0
2011-11-03 09:15:00,24.89,26.18,24.42,24.66,0
2011-11-04 09:15:00,21.13,23.88,21.13,23.43,0
2011-11-08 09:15:00,20.75,24.74,20.75,23.71,0
2011-11-09 09:15:00,23.71,24.82,20.16,24.3,0
2011-11-11 09:15:00,24.3,25.93,24.27,24.74,0
2011-11-14 09:15:00,24.74,25.47,24.0,25.29,0
2011-11-15 09:15:00,25.29,26.03,24.43,25.97,0
2011-11-16 09:15:00,25.97,27.22,24.93,25.04,0
2011-11-17 09:15:00,25.04,27.27,24.73,26.92,0
2011-11-18 09:15:00,26.92,28.23,26.28,26.58,0
2011-11-21 09:15:00,23.07,28.69,23.07,28.61,0
2011-11-22 09:15:00,22.64,28.9,22.64,27.35,0
2011-11-23 09:15:00,27.35,32.71,26.98,30.68,0
2011-11-24 09:15:00,24.84,32.52,24.84,27.95,0
2011-11-25 09:15:00,27.95,30.13,27.95,29.12,0
2011-11-28 09:15:00,28.63,28.77,26.64,26.64,0
2011-11-29 09:15:00,26.64,28.15,26.2,26.87,0
2011-11-30 09:15:00,26.46,27.85,26.15,26.55,0
2011-12-01 09:15:00,26.55,26.55,23.37,25.02,0
2011-12-02 09:15:00,24.09,24.9,23.38,23.99,0
2011-12-05 09:15:00,23.4,25.75,23.4,25.02,0
2011-12-07 09:15:00,24.52,26.58,24.52,26.46,0
2011-12-08 09:15:00,25.0,29.0,25.0,28.58,0
2011-12-09 09:15:00,28.03,29.98,28.03,29.53,0
2011-12-12 09:15:00,27.21,30.0,27.21,29.27,0
2011-12-13 09:15:00,28.47,29.61,28.11,28.11,0
2011-12-14 09:15:00,28.08,29.35,28.08,28.79,0
2011-12-15 09:15:00,28.79,30.26,27.98,28.81,0
2011-12-16 09:15:00,27.48,29.69,27.48,29.69,0
2011-12-19 09:15:00,29.69,31.27,29.69,30.58,0
2011-12-20 09:15:00,30.58,31.02,29.54,30.53,0
2011-12-21 09:15:00,28.81,29.88,27.53,27.53,0
2011-12-22 09:15:00,27.31,28.23,26.58,26.84,0
2011-12-23 09:15:00,26.84,27.91,25.81,27.39,0
2011-12-26 09:15:00,26.99,27.97,26.31,26.6,0
2011-12-27 09:15:00,26.6,27.01,26.03,26.29,0
2011-12-28 09:15:00,26.29,27.24,25.94,26.74,0
2011-12-29 09:15:00,26.74,27.55,26.43,26.62,0
2011-12-30 09:15:00,26.62,27.79,26.25,27.11,0
2012-01-02 09:15:00,27.11,28.68,27.11,27.53,0
2012-01-03 09:15:00,27.53,27.53,25.99,26.16,0
2012-01-04 09:15:00,26.16,26.84,25.6,26.41,0
2012-01-05 09:15:00,26.41,26.6,25.72,25.91,0
2012-01-06 09:15:00,25.91,26.44,25.09,25.46,0
2012-01-07 09:15:00,25.46,25.76,24.6,25.65,0
2012-01-09 09:15:00,25.65,26.54,24.91,25.68,0
2012-01-10 09:15:00,25.68,25.68,23.96,24.0,0
2012-01-11 09:15:00,24.0,24.64,23.32,24.54,0
2012-01-12 09:15:00,24.54,24.85,23.77,24.03,0
2012-01-13 09:15:00,24.03,24.15,23.23,23.48,0
2012-01-16 09:15:00,23.48,24.96,23.22,24.07,0
2012-01-17 09:15:00,24.07,24.07,22.48,22.61,0
2012-01-18 09:15:00,22.61,22.75,21.97,22.68,0
2012-01-19 09:15:00,22.68,22.68,20.88,21.68,0
2012-01-20 09:15:00,21.68,22.33,18.01,21.96,0
2012-01-23 09:15:00,21.96,22.91,21.96,22.14,0
2012-01-24 09:15:00,22.14,22.51,20.77,21.42,0
2012-01-25 09:15:00,21.42,21.42,18.63,21.02,0
2012-01-27 09:15:00,21.02,22.2,20.68,21.7,0
2012-01-30 09:15:00,21.7,23.48,21.7,23.46,0
2012-01-31 09:15:00,23.46,23.46,22.33,22.66,0
2012-02-01 09:15:00,22.66,23.49,22.17,22.89,0
2012-02-02 09:15:00,22.89,24.26,21.88,23.69,0
2012-02-03 09:15:00,23.69,24.49,23.35,24.09,0
2012-02-06 09:15:00,24.09,25.02,23.58,24.62,0
2012-02-07 09:15:00,24.66,25.15,23.69,24.91,0
2012-02-08 09:15:00,24.91,25.01,24.17,24.27,0
2012-02-09 09:15:00,24.27,24.61,23.25,23.3,0
2012-02-10 09:15:00,23.3,24.47,22.98,23.83,0
2012-02-13 09:15:00,23.83,24.76,23.12,23.71,0
2012-02-14 09:15:00,23.71,23.92,22.71,22.71,0
2012-02-15 09:15:00,22.71,22.71,21.71,22.1,0
2012-02-16 09:15:00,22.1,23.88,20.3,23.33,0
2012-02-17 09:15:00,23.33,24.91,21.81,24.18,0
2012-02-21 09:15:00,24.18,27.18,24.18,26.25,0
2012-02-22 09:15:00,26.25,27.3,25.69,26.8,0
2012-02-23 09:15:00,26.8,26.8,24.13,24.33,0
2012-02-24 09:15:00,24.33,25.79,23.59,24.82,0
2012-02-27 09:15:00,24.82,27.87,24.82,27.38,0
2012-02-28 09:15:00,27.38,27.38,25.7,25.85,0
2012-02-29 09:15:00,25.85,27.09,24.69,26.93,0
2012-03-01 09:15:00,26.93,28.02,26.52,27.67,0
2012-03-02 09:15:00,27.67,28.37,26.62,27.84,0
2012-03-03 09:15:00,27.84,28.2,27.17,28.2,0
2012-03-05 09:15:00,28.2,29.55,28.2,28.92,0
2012-03-06 09:15:00,28.92,28.92,26.05,27.34,0
2012-03-07 09:15:00,27.34,27.34,25.97,26.33,0
2012-03-09 09:15:00,26.33,26.33,24.6,25.47,0
2012-03-12 09:15:00,25.47,26.93,24.92,26.27,0
2012-03-13 09:15:00,26.27,26.27,24.64,24.75,0
2012-03-14 09:15:00,24.75,25.09,23.03,24.72,0
2012-03-15 09:15:00,24.72,25.64,24.04,25.42,0
2012-03-16 09:15:00,25.42,25.42,22.58,23.13,0
2012-03-19 09:15:00,23.13,23.82,22.79,22.97,0
2012-03-20 09:15:00,22.97,22.97,21.36,21.94,0
2012-03-21 09:15:00,21.94,21.99,21.0,21.0,0
2012-03-22 09:15:00,21.0,24.77,20.59,24.77,0
2012-03-23 09:15:00,24.77,24.77,22.89,23.34,0
2012-03-26 09:15:00,23.34,27.45,22.4,26.74,0
2012-03-27 09:15:00,26.74,27.13,24.32,25.05,0
2012-03-28 09:15:00,25.05,25.83,24.82,24.87,0
2012-03-29 09:15:00,24.87,25.86,24.19,24.33,0
2012-03-30 09:15:00,24.33,24.33,22.07,22.38,0
2012-04-02 09:15:00,22.86,22.94,20.88,20.88,0
2012-04-03 09:15:00,20.88,20.88,19.93,20.01,0
2012-04-04 09:15:00,20.01,20.85,20.01,20.63,0
2012-04-09 09:15:00,20.63,22.44,20.63,22.33,0
2012-04-10 09:15:00,22.33,22.81,21.73,21.92,0
2012-04-11 09:15:00,21.92,22.75,21.65,22.29,0
2012-04-12 09:15:00,22.29,22.29,21.72,21.78,0
2012-04-13 09:15:00,19.86,23.16,19.86,22.75,0
2012-04-16 09:15:00,22.75,23.29,22.23,22.23,0
2012-04-17 09:15:00,22.23,22.75,20.29,20.3,0
2012-04-18 09:15:00,18.93,20.2,18.93,20.03,0
2012-04-19 09:15:00,20.03,20.03,18.98,19.35,0
2012-04-20 09:15:00,19.35,20.75,19.02,20.09,0
2012-04-23 09:15:00,20.09,21.57,19.71,21.57,0
2012-04-24 09:15:00,21.57,21.57,19.13,19.25,0
2012-04-25 09:15:00,17.76,20.39,17.76,18.94,0
2012-04-26 09:15:00,19.32,19.45,18.3,18.73,0
2012-04-27 09:15:00,18.73,19.18,17.85,17.89,0
2012-04-28 09:15:00,18.55,18.55,17.59,17.61,0
2012-04-30 09:15:00,17.61,18.52,17.61,17.82,0
2012-05-02 09:15:00,17.82,18.61,17.82,18.54,0
2012-05-03 09:15:00,18.54,19.82,18.54,19.25,0
2012-05-04 09:15:00,19.25,21.45,19.25,21.12,0
2012-05-07 09:15:00,21.12,23.23,20.18,20.22,0
2012-05-08 09:15:00,20.22,22.3,19.64,22.16,0
2012-05-09 09:15:00,22.16,23.87,22.06,23.04,0
2012-05-10 09:15:00,23.04,23.64,22.07,22.72,0
2012-05-11 09:15:00,22.72,23.93,22.35,22.48,0
2012-05-14 09:15:00,22.48,23.52,22.48,23.26,0
2012-05-15 09:15:00,23.26,23.26,22.2,22.28,0
2012-05-16 09:15:00,22.28,24.54,22.28,23.71,0
2012-05-17 09:15:00,23.71,24.27,22.21,23.59,0
2012-05-18 09:15:00,23.59,25.45,22.57,23.55,0
2012-05-21 09:15:00,23.55,24.35,23.2,23.92,0
2012-05-22 09:15:00,23.92,24.63,22.6,24.39,0
2012-05-23 09:15:00,24.39,27.2,23.21,27.13,0
2012-05-24 09:15:00,27.13,27.13,24.0,25.49,0
2012-05-25 09:15:00,25.49,26.6,24.06,25.14,0
2012-05-28 09:15:00,25.14,25.4,23.59,23.68,0
2012-05-29 09:15:00,23.68,24.33,22.7,24.03,0
2012-05-30 09:15:00,24.03,25.54,23.29,25.3,0
2012-05-31 09:15:00,25.3,25.97,24.99,25.25,0
2012-06-01 09:15:00,25.25,26.77,24.88,26.77,0
2012-06-04 09:15:00,26.77,28.65,25.6,25.6,0
2012-06-05 09:15:00,25.6,26.69,24.27,26.26,0
2012-06-06 09:15:00,26.26,26.26,24.26,24.9,0
2012-06-07 09:15:00,24.9,25.06,23.34,23.64,0
2012-06-08 09:15:00,23.64,24.75,23.45,23.47,0
2012-06-11 09:15:00,23.47,25.02,23.47,25.02,0
2012-06-12 09:15:00,25.02,25.43,23.94,24.2,0
2012-06-13 09:15:00,24.2,25.32,23.53,24.36,0
2012-06-14 09:15:00,24.36,25.82,23.4,25.71,0
2012-06-15 09:15:00,25.71,25.92,24.49,25.54,0
2012-06-18 09:15:00,25.54,25.54,22.25,22.6,0
2012-06-19 09:15:00,22.6,22.6,21.04,21.43,0
2012-06-20 09:15:00,21.43,21.72,20.11,21.03,0
2012-06-21 09:15:00,21.03,21.22,19.43,19.94,0
2012-06-22 09:15:00,19.94,21.52,19.61,20.58,0
2012-06-25 09:15:00,20.58,21.63,20.04,21.57,0
2012-06-26 09:15:00,21.57,21.76,20.04,20.23,0
2012-06-27 09:15:00,20.23,20.81,19.39,20.37,0
2012-06-28 09:15:00,20.37,20.73,19.53,20.62,0
2012-06-29 09:15:00,20.62,20.62,18.8,19.07,0
2012-07-02 09:15:00,19.07,19.7,18.79,19.01,0
2012-07-03 09:15:00,19.01,19.01,18.14,18.55,0
2012-07-04 09:15:00,18.55,18.82,17.48,18.27,0
2012-07-05 09:15:00,18.27,18.7,18.09,18.35,0
2012-07-06 09:15:00,18.35,18.63,18.04,18.04,0
2012-07-09 09:15:00,18.04,19.09,18.04,18.72,0
2012-07-10 09:15:00,18.72,18.87,17.8,17.82,0
2012-07-11 09:15:00,17.82,18.57,17.8,18.39,0
2012-07-12 09:15:00,18.39,19.3,18.02,18.71,0
2012-07-13 09:15:00,18.71,18.71,17.62,18.26,0
2012-07-16 09:15:00,18.26,19.01,18.07,18.77,0
2012-07-17 09:15:00,18.77,18.77,17.72,17.78,0
2012-07-18 09:15:00,17.78,17.82,17.05,17.44,0
2012-07-19 09:15:00,17.44,17.44,16.32,16.38,0
2012-07-20 09:15:00,16.38,17.3,15.84,16.89,0
2012-07-23 09:15:00,16.89,18.67,16.89,18.66,0
2012-07-24 09:15:00,18.66,18.66,16.55,16.97,0
2012-07-25 09:15:00,16.97,18.14,16.48,16.75,0
2012-07-26 09:15:00,16.75,17.57,15.92,16.37,0
2012-07-27 09:15:00,16.37,16.75,15.42,16.44,0
2012-07-30 09:15:00,16.44,17.32,16.43,16.6,0
2012-07-31 09:15:00,16.6,17.13,15.93,16.01,0
2012-08-01 09:15:00,16.01,16.48,15.86,16.45,0
2012-08-02 09:15:00,16.45,16.91,16.45,16.77,0
2012-08-03 09:15:00,16.77,16.96,16.12,16.12,0
2012-08-06 09:15:00,16.12,16.51,15.68,16.22,0
2012-08-07 09:15:00,16.22,16.32,15.74,16.21,0
2012-08-08 09:15:00,16.21,16.73,15.51,16.37,0
2012-08-09 09:15:00,16.37,16.77,16.04,16.32,0
2012-08-10 09:15:00,16.32,16.51,16.03,16.07,0
2012-08-13 09:15:00,16.07,16.64,16.0,16.01,0
2012-08-14 09:15:00,16.01,16.14,15.57,15.64,0
2012-08-16 09:15:00,15.64,16.13,15.07,15.69,0
2012-08-17 09:15:00,15.69,16.02,15.21,15.73,0
2012-08-21 09:15:00,15.73,16.48,15.71,16.3,0
2012-08-22 09:15:00,16.3,16.53,15.79,16.0,0
2012-08-23 09:15:00,16.0,16.36,15.44,16.12,0
2012-08-24 09:15:00,16.12,16.8,15.66,16.16,0
2012-08-27 09:15:00,16.16,17.03,14.68,16.47,0
2012-08-28 09:15:00,16.47,16.76,15.8,16.35,0
2012-08-29 09:15:00,16.35,16.89,15.64,16.73,0
2012-08-30 09:15:00,16.73,17.04,16.55,16.67,0
2012-08-31 09:15:00,16.67,17.35,16.59,17.3,0
2012-09-03 09:15:00,17.3,17.5,16.86,17.28,0
2012-09-04 09:15:00,17.28,17.28,16.59,16.59,0
2012-09-05 09:15:00,16.59,17.14,16.19,17.01,0
2012-09-06 09:15:00,17.01,17.07,16.23,16.98,0
2012-09-07 09:15:00,16.98,16.98,15.2,15.26,0
2012-09-08 09:15:00,15.26,15.26,14.45,14.76,0
2012-09-10 09:15:00,14.76,15.46,14.76,15.27,0
2012-09-11 09:15:00,15.27,15.51,15.1,15.38,0
2012-09-12 09:15:00,15.38,15.66,14.64,15.04,0
2012-09-13 09:15:00,15.04,15.83,14.62,15.67,0
2012-09-14 09:15:00,15.67,15.67,13.86,15.38,0
2012-09-17 09:15:00,15.38,17.8,15.38,17.78,0
2012-09-18 09:15:00,17.78,18.09,16.17,17.82,0
2012-09-20 09:15:00,17.82,18.8,17.13,18.62,0
2012-09-21 09:15:00,18.62,19.45,17.09,18.93,0
2012-09-24 09:15:00,18.93,19.82,18.46,18.82,0
2012-09-25 09:15:00,18.82,18.82,17.11,17.11,0
2012-09-26 09:15:00,17.11,17.3,16.62,16.97,0
2012-09-27 09:15:00,16.97,17.09,15.73,16.91,0
2012-09-28 09:15:00,16.91,16.91,16.13,16.16,0
2012-10-01 09:15:00,16.16,16.77,15.99,16.34,0
2012-10-03 09:15:00,16.34,16.98,15.69,16.5,0
2012-10-04 09:15:00,16.5,16.62,15.59,16.44,0
2012-10-05 09:15:00,16.44,17.48,15.68,16.78,0
2012-10-08 09:15:00,16.78,17.59,16.17,17.17,0
2012-10-09 09:15:00,17.17,17.17,16.32,16.8,0
2012-10-10 09:15:00,16.8,17.16,16.5,16.82,0
2012-10-11 09:15:00,16.82,17.23,16.12,16.48,0
2012-10-12 09:15:00,16.48,16.82,15.37,16.48,0
2012-10-15 09:15:00,16.48,16.68,15.78,15.9,0
2012-10-16 09:15:00,15.9,15.9,14.82,15.57,0
2012-10-17 09:15:00,15.57,15.57,14.36,15.17,0
2012-10-18 09:15:00,15.17,15.17,14.15,14.76,0
2012-10-19 09:15:00,14.76,15.19,13.95,14.54,0
2012-10-22 09:15:00,14.34,14.37,12.87,13.04,0
2012-10-23 09:15:00,13.04,14.22,12.93,13.71,0
2012-10-25 09:15:00,13.71,14.55,13.4,13.52,0
2012-10-26 09:15:00,13.52,14.81,13.52,14.21,0
2012-10-29 09:15:00,14.21,15.37,14.21,15.12,0
2012-10-30 09:15:00,15.12,15.55,15.09,15.17,0
2012-10-31 09:15:00,15.17,15.18,14.31,14.4,0
2012-11-01 09:15:00,14.4,14.67,14.01,14.08,0
2012-11-02 09:15:00,14.08,14.08,13.25,13.66,0
2012-11-05 09:15:00,13.66,14.98,13.49,14.63,0
2012-11-06 09:15:00,14.63,15.64,13.83,15.21,0
2012-11-07 09:15:00,15.21,15.39,14.41,14.51,0
2012-11-08 09:15:00,14.51,14.57,13.86,14.22,0
2012-11-09 09:15:00,14.22,14.8,13.57,14.37,0
2012-11-12 09:15:00,14.37,15.11,13.75,14.86,0
2012-11-13 09:15:00,14.86,14.91,13.93,14.91,0
2012-11-15 09:15:00,14.91,16.36,13.85,15.53,0
2012-11-16 09:15:00,15.53,16.27,14.13,16.22,0
2012-11-19 09:15:00,16.22,17.22,14.71,16.68,0
2012-11-20 09:15:00,16.68,16.68,14.72,15.81,0
2012-11-21 09:15:00,15.81,16.03,14.82,15.46,0
2012-11-22 09:15:00,15.46,15.55,14.65,14.91,0
2012-11-23 09:15:00,14.91,15.01,13.42,14.68,0
2012-11-26 09:15:00,14.68,14.94,14.09,14.67,0
2012-11-27 09:15:00,14.67,14.68,13.39,13.96,0
2012-11-29 09:15:00,13.96,15.62,13.48,15.37,0
2012-11-30 09:15:00,15.37,15.38,14.06,15.15,0
2012-12-03 09:15:00,15.15,15.72,14.54,15.62,0
2012-12-04 09:15:00,15.62,16.17,14.62,15.91,0
2012-12-05 09:15:00,15.91,16.72,14.79,16.62,0
2012-12-06 09:15:00,16.62,16.62,15.02,15.24,0
2012-12-07 09:15:00,15.24,15.51,14.42,14.96,0
2012-12-10 09:15:00,14.96,14.96,14.22,14.51,0
2012-12-11 09:15:00,14.51,14.84,13.39,14.67,0
2012-12-12 09:15:00,14.67,14.67,13.4,14.51,0
2012-12-13 09:15:00,14.51,14.86,13.29,14.71,0
2012-12-14 09:15:00,14.71,14.83,13.43,14.23,0
2012-12-17 09:15:00,14.23,15.06,13.42,14.92,0
2012-12-18 09:15:00,14.92,14.92,14.07,14.44,0
2012-12-19 09:15:00,14.44,14.64,13.28,14.47,0
2012-12-20 09:15:00,14.47,14.9,13.77,14.32,0
2012-12-21 09:15:00,14.32,15.06,13.77,14.63,0
2012-12-24 09:15:00,14.63,15.15,14.15,14.49,0
2012-12-26 09:15:00,14.49,14.98,14.03,14.1,0
2012-12-27 09:15:00,14.1,14.34,13.62,13.74,0
2012-12-28 09:15:00,13.74,13.83,13.46,13.63,0
2012-12-31 09:15:00,13.63,14.97,13.63,14.95,0
2013-01-01 09:15:00,14.95,14.95,13.64,13.69,0
2013-01-02 09:15:00,13.69,13.91,12.99,13.71,0
2013-01-03 09:15:00,13.71,13.94,13.22,13.47,0
2013-01-04 09:15:00,13.47,13.63,13.28,13.37,0
2013-01-07 09:15:00,13.37,14.04,13.37,13.92,0
2013-01-08 09:15:00,13.92,14.06,13.21,13.27,0
2013-01-09 09:15:00,13.27,13.56,12.58,13.32,0
2013-01-10 09:15:00,13.32,13.63,12.85,13.27,0
2013-01-11 09:15:00,13.27,13.35,12.83,13.23,0
2013-01-14 09:15:00,13.23,14.02,13.22,13.7,0
2013-01-15 09:15:00,13.7,14.0,13.34,13.58,0
2013-01-16 09:15:00,13.58,14.14,13.06,13.99,0
2013-01-17 09:15:00,13.99,14.25,13.66,14.01,0
2013-01-18 09:15:00,14.01,14.26,13.25,13.89,0
2013-01-21 09:15:00,13.89,14.39,13.63,13.66,0
2013-01-22 09:15:00,13.66,14.06,12.9,13.89,0
2013-01-23 09:15:00,13.89,14.28,13.13,13.67,0
2013-01-24 09:15:00,13.67,14.55,12.84,14.46,0
2013-01-25 09:15:00,14.46,14.98,14.32,14.77,0
2013-01-28 09:15:00,14.77,15.49,14.41,15.17,0
2013-01-29 09:15:00,15.17,15.28,14.28,14.47,0
2013-01-30 09:15:00,14.47,14.68,14.05,14.38,0
2013-01-31 09:15:00,14.38,14.54,13.65,14.13,0
2013-02-01 09:15:00,14.13,14.18,13.76,13.76,0
2013-02-04 09:15:00,13.76,14.62,13.51,14.34,0
2013-02-05 09:15:00,14.34,14.83,14.11,14.61,0
2013-02-06 09:15:00,14.61,14.61,14.1,14.26,0
2013-02-07 09:15:00,14.26,14.89,13.56,14.89,0
2013-02-08 09:15:00,14.89,15.22,13.75,15.16,0
2013-02-11 09:15:00,15.16,15.74,14.96,15.65,0
2013-02-12 09:15:00,15.65,15.71,14.98,15.31,0
2013-02-13 09:15:00,15.31,15.31,14.47,15.14,0
2013-02-14 09:15:00,15.14,15.52,14.67,15.09,0
2013-02-15 09:15:00,15.09,15.49,14.13,15.24,0
2013-02-18 09:15:00,15.24,16.61,15.24,16.29,0
2013-02-19 09:15:00,16.29,16.5,15.48,15.81,0
2013-02-20 09:15:00,15.81,16.01,14.88,15.6,0
2013-02-21 09:15:00,15.6,17.25,15.25,16.94,0
2013-02-22 09:15:00,16.94,17.29,16.36,16.79,0
2013-02-25 09:15:00,16.79,17.32,16.61,16.73,0
2013-02-26 09:15:00,16.73,17.6,16.47,17.36,0
2013-02-27 09:15:00,17.36,17.36,16.11,16.23,0
2013-02-28 09:15:00,16.23,16.23,14.59,14.86,0
2013-03-01 09:15:00,14.86,15.09,13.93,14.06,0
2013-03-04 09:15:00,14.06,14.51,13.67,13.67,0
2013-03-05 09:15:00,13.67,13.74,13.22,13.39,0
2013-03-06 09:15:00,13.39,13.6,12.9,13.4,0
2013-03-07 09:15:00,13.4,13.62,12.83,13.07,0
2013-03-08 09:15:00,12.85,13.58,12.85,13.34,0
2013-03-11 09:15:00,13.34,14.32,13.12,14.25,0
2013-03-12 09:15:00,14.25,15.67,13.7,15.13,0
2013-03-13 09:15:00,15.13,16.43,14.69,16.2,0
2013-03-14 09:15:00,16.2,17.16,14.58,14.66,0
2013-03-15 09:15:00,14.66,15.29,14.19,15.16,0
2013-03-18 09:15:00,15.16,16.59,15.16,15.85,0
2013-03-19 09:15:00,15.85,17.84,14.83,16.71,0
2013-03-20 09:15:00,16.71,17.44,16.17,16.66,0
2013-03-21 09:15:00,16.66,17.23,15.9,16.51,0
2013-03-22 09:15:00,16.51,16.51,15.45,15.54,0
2013-03-25 09:15:00,15.54,16.36,14.92,16.36,0
2013-03-26 09:15:00,16.36,16.84,15.64,15.8,0
2013-03-28 09:15:00,15.8,16.2,15.22,15.22,0
2013-04-01 09:15:00,15.22,15.85,14.8,14.85,0
2013-04-02 09:15:00,14.85,15.09,14.1,14.1,0
2013-04-03 09:15:00,14.1,15.06,13.84,14.87,0
2013-04-04 09:15:00,14.87,16.07,14.8,15.85,0
2013-04-05 09:15:00,15.85,16.47,15.23,16.16,0
2013-04-08 09:15:00,15.67,16.96,15.67,16.77,0
2013-04-09 09:15:00,15.82,17.26,15.82,16.82,0
2013-04-10 09:15:00,16.82,17.43,16.03,16.48,0
2013-04-11 09:15:00,16.48,17.59,15.99,16.97,0
2013-04-12 09:15:00,16.97,17.26,16.32,16.45,0
2013-04-15 09:15:00,16.45,17.07,16.23,16.61,0
2013-04-16 09:15:00,16.61,16.8,16.04,16.25,0
2013-04-17 09:15:00,16.25,16.57,15.76,16.36,0
2013-04-18 09:15:00,16.36,16.48,15.21,15.36,0
2013-05-06 09:15:00,15.55,16.59,15.53,15.84,0
2013-05-07 09:15:00,15.84,16.53,15.56,16.5,0
2013-05-08 09:15:00,16.5,17.22,16.01,16.76,0
2013-05-09 09:15:00,16.76,17.14,16.53,16.6,0
2013-05-10 09:15:00,16.6,17.13,16.39,16.86,0
2013-05-11 09:15:00,16.86,16.89,15.85,16.84,0
2013-05-13 09:15:00,16.84,17.79,16.77,17.51,0
2013-05-14 09:15:00,16.53,17.7,16.53,17.17,0
2013-05-15 09:15:00,17.17,18.16,16.54,18.13,0
2013-05-16 09:15:00,18.13,18.52,17.46,17.73,0
2013-05-17 09:15:00,17.73,17.82,16.76,17.57,0
2013-05-20 09:15:00,17.57,17.98,17.3,17.71,0
2013-05-21 09:15:00,16.98,18.22,16.98,17.88,0
2013-05-22 09:15:00,17.88,18.03,16.95,17.72,0
2013-05-23 09:15:00,17.72,19.36,16.96,18.73,0
2013-05-24 09:15:00,18.73,18.8,17.61,17.7,0
2013-05-27 09:15:00,17.7,18.04,16.68,17.03,0
2013-05-28 09:15:00,17.03,17.62,16.63,17.12,0
2013-05-29 09:15:00,16.79,17.87,16.79,17.86,0
2013-05-30 09:15:00,17.86,17.86,15.84,16.04,0
2013-05-31 09:15:00,16.04,17.21,15.88,16.98,0
2013-06-03 09:15:00,16.98,17.92,16.98,17.29,0
2013-06-04 09:15:00,17.29,17.55,16.72,17.26,0
2013-06-05 09:15:00,16.79,17.5,16.78,16.78,0
2013-06-06 09:15:00,16.78,17.52,16.59,17.35,0
2013-06-07 09:15:00,17.35,17.51,16.78,17.35,0
2013-06-10 09:15:00,17.35,18.63,17.04,18.11,0
2013-06-11 09:15:00,17.41,19.59,17.41,19.48,0
2013-06-12 09:15:00,19.48,19.85,18.75,18.85,0
2013-06-13 09:15:00,18.85,19.77,17.76,19.44,0
2013-06-14 09:15:00,19.44,19.44,17.64,18.35,0
2013-06-17 09:15:00,18.28,19.35,18.13,18.18,0
2013-06-18 09:15:00,17.89,18.85,17.89,18.29,0
2013-06-19 09:15:00,18.29,18.68,17.75,18.46,0
2013-06-20 09:15:00,18.46,19.73,17.85,19.19,0
2013-06-21 09:15:00,19.19,19.73,18.19,19.03,0
2013-06-24 09:15:00,19.03,21.79,18.48,21.01,0
2013-06-25 09:15:00,21.01,22.11,20.32,21.14,0
2013-06-26 09:15:00,21.14,21.22,20.07,21.07,0
2013-06-27 09:15:00,21.07,21.07,18.62,18.85,0
2013-06-28 09:15:00,18.85,18.85,17.62,17.95,0
2013-07-01 09:15:00,17.95,18.72,17.95,18.09,0
2013-07-02 09:15:00,18.09,18.55,17.98,18.21,0
2013-07-03 09:15:00,18.21,19.13,17.8,18.91,0
2013-07-04 09:15:00,18.91,19.0,18.0,18.57,0
2013-07-05 09:15:00,18.57,19.01,17.75,18.67,0
2013-07-08 09:15:00,18.67,19.85,18.38,19.34,0
2013-07-09 09:15:00,19.34,19.53,18.41,19.32,0
2013-07-10 09:15:00,19.32,20.11,18.32,19.98,0
2013-07-11 09:15:00,19.98,19.98,18.13,18.89,0
2013-07-12 09:15:00,18.89,18.96,17.68,18.69,0
2013-07-15 09:15:00,18.69,19.54,17.63,18.79,0
2013-07-16 09:15:00,18.79,19.82,17.79,18.98,0
2013-07-17 09:15:00,18.98,19.59,17.76,19.36,0
2013-07-18 09:15:00,19.36,19.39,18.07,18.27,0
2013-07-19 09:15:00,18.27,18.28,17.71,18.13,0
2013-07-22 09:15:00,18.03,18.66,17.62,17.63,0
2013-07-23 09:15:00,17.63,17.63,16.43,16.72,0
2013-07-24 09:15:00,16.72,18.05,16.6,16.91,0
2013-07-25 09:15:00,16.98,17.09,16.18,16.72,0
2013-07-26 09:15:00,16.54,17.05,16.27,16.78,0
2013-07-29 09:15:00,16.78,18.42,16.78,18.25,0
2013-07-30 09:15:00,18.25,18.46,17.05,18.12,0
2013-07-31 09:15:00,18.12,19.29,18.12,18.77,0
2013-08-01 09:15:00,18.77,20.9,17.72,19.8,0
2013-08-02 09:15:00,19.8,21.22,19.0,20.89,0
2013-08-05 09:15:00,20.89,21.62,20.56,20.8,0
2013-08-06 09:15:00,20.8,22.75,20.32,22.73,0
2013-08-07 09:15:00,22.73,23.28,21.86,22.04,0
2013-08-08 09:15:00,22.04,22.04,20.59,21.19,0
2013-08-12 09:15:00,21.19,21.99,20.17,21.28,0
2013-08-13 09:15:00,20.26,21.11,19.07,19.26,0
2013-08-14 09:15:00,19.26,19.62,18.27,18.7,0
2013-08-16 09:15:00,18.7,24.76,18.07,23.64,0
2013-08-19 09:15:00,23.64,26.99,23.64,25.59,0
2013-08-20 09:15:00,25.59,27.43,24.86,27.23,0
2013-08-21 09:15:00,27.23,29.96,24.25,28.09,0
2013-08-22 09:15:00,28.09,29.86,27.99,27.68,0
2013-08-23 09:15:00,27.68,27.84,25.34,25.75,0
2013-08-26 09:15:00,25.75,27.43,24.72,26.38,0
2013-08-27 09:15:00,26.38,30.04,25.97,29.42,0
2013-08-28 09:15:00,29.42,36.02,29.42,32.38,0
2013-08-29 09:15:00,32.38,32.44,28.83,29.41,0
2013-08-30 09:15:00,29.41,30.31,27.11,27.81,0
2013-09-02 09:15:00,27.81,28.55,26.97,27.55,0
2013-09-03 09:15:00,27.55,32.65,26.76,32.49,0
2013-09-04 09:15:00,32.49,33.02,30.83,31.11,0
2013-09-05 09:15:00,31.11,31.11,27.51,28.53,0
2013-09-06 09:15:00,28.53,29.28,27.63,28.65,0
2013-09-10 09:15:00,28.65,29.52,27.09,29.44,0
2013-09-11 09:15:00,29.44,31.16,28.48,29.75,0
2013-09-12 09:15:00,29.75,30.8,26.7,29.71,0
2013-09-13 09:15:00,29.71,29.71,28.17,28.29,0
2013-09-16 09:15:00,28.29,29.67,25.9,28.82,0
2013-09-17 09:15:00,28.82,29.58,27.6,27.93,0
2013-09-18 09:15:00,27.93,28.49,26.99,27.69,0
2013-09-19 09:15:00,23.62,25.36,23.56,24.5,0
2013-09-20 09:15:00,24.5,26.18,23.4,24.73,0
2013-09-23 09:15:00,24.73,27.24,24.73,27.02,0
2013-09-24 09:15:00,27.02,28.49,26.27,26.72,0
2013-09-25 09:15:00,26.72,27.05,25.05,25.68,0
2013-09-26 09:15:00,25.68,25.8,23.57,24.0,0
2013-09-27 09:15:00,24.0,25.24,23.36,24.06,0
2013-09-30 09:15:00,25.0,26.65,24.91,26.65,0
2013-10-01 09:15:00,26.65,28.02,25.74,25.77,0
2013-10-03 09:15:00,25.77,25.89,24.93,25.17,0
2013-10-04 09:15:00,24.5,26.74,24.5,26.13,0
2013-10-07 09:15:00,26.13,27.93,26.13,26.83,0
2013-10-08 09:15:00,26.83,27.38,24.65,26.55,0
2013-10-09 09:15:00,26.03,27.16,25.75,25.87,0
2013-10-10 09:15:00,25.87,26.95,25.02,25.88,0
2013-10-11 09:15:00,23.08,25.42,23.08,23.59,0
2013-10-14 09:15:00,23.59,24.42,22.72,22.85,0
2013-10-15 09:15:00,22.85,23.99,20.91,23.24,0
2013-10-17 09:15:00,23.24,23.24,21.02,21.06,0
2013-10-18 09:15:00,21.06,21.06,19.32,20.12,0
2013-10-21 09:15:00,19.16,21.1,19.16,20.18,0
2013-10-22 09:15:00,20.18,20.43,19.21,19.96,0
2013-10-23 09:15:00,19.96,20.79,18.76,20.35,0
2013-10-24 09:15:00,20.35,21.27,19.2,20.64,0
2013-10-25 09:15:00,20.64,21.04,19.87,20.42,0
2013-10-28 09:15:00,20.42,21.56,20.11,21.29,0
2013-10-29 09:15:00,21.29,21.54,19.6,19.76,0
2013-10-30 09:15:00,19.76,20.05,18.84,19.53,0
2013-10-31 09:15:00,19.53,19.75,18.21,18.39,0
2013-11-01 09:15:00,18.39,19.39,17.86,18.64,0
2013-11-03 09:15:00,18.64,19.53,18.23,19.48,0
2013-11-05 09:15:00,19.48,20.26,19.28,19.94,0
2013-11-06 09:15:00,19.94,20.46,18.55,20.25,0
2013-11-07 09:15:00,20.25,20.63,19.62,19.87,0
2013-11-08 09:15:00,19.87,20.49,19.16,19.64,0
2013-11-11 09:15:00,19.64,20.71,19.32,19.98,0
2013-11-12 09:15:00,19.98,20.86,18.73,20.86,0
2013-11-13 09:15:00,20.86,21.12,20.14,20.45,0
2013-11-14 09:15:00,18.62,19.6,18.57,19.26,0
2013-11-18 09:15:00,19.26,19.55,17.48,18.82,0
2013-11-19 09:15:00,17.7,19.39,17.7,19.3,0
2013-11-20 09:15:00,19.3,20.88,18.23,20.83,0
2013-11-21 09:15:00,20.83,22.36,19.76,21.14,0
2013-11-22 09:15:00,21.14,21.32,19.97,20.04,0
2013-11-25 09:15:00,20.04,21.27,19.48,21.05,0
2013-11-26 09:15:00,21.05,22.01,20.3,21.59,0
2013-11-27 09:15:00,21.59,22.01,20.54,21.14,0
2013-11-28 09:15:00,20.18,20.91,20.18,20.71,0
2013-11-29 09:15:00,20.37,21.53,20.25,21.38,0
2013-12-02 09:15:00,21.38,23.36,21.3,23.36,0
2013-12-03 09:15:00,23.36,25.09,22.96,24.72,0
2013-12-04 09:15:00,24.72,25.45,23.34,23.71,0
2013-12-05 09:15:00,20.58,22.07,20.07,21.68,0
2013-12-06 09:15:00,21.68,22.36,21.08,22.21,0
2013-12-09 09:15:00,22.21,22.21,18.09,19.16,0
2013-12-10 09:15:00,19.16,19.16,17.96,17.98,0
2013-12-11 09:15:00,17.98,18.53,17.07,17.54,0
2013-12-12 09:15:00,17.03,17.93,17.03,17.73,0
2013-12-13 09:15:00,16.79,18.0,16.79,17.84,0
2013-12-16 09:15:00,17.84,18.76,17.54,18.36,0
2013-12-17 09:15:00,18.36,18.61,17.13,18.32,0
2013-12-18 09:15:00,18.32,18.46,17.05,17.54,0
2013-12-19 09:15:00,17.54,17.54,15.63,16.57,0
2013-12-20 09:15:00,16.57,16.72,15.51,16.02,0
2013-12-23 09:15:00,16.02,17.13,15.91,16.26,0
2013-12-24 09:15:00,16.26,16.94,15.52,15.58,0
2013-12-26 09:15:00,15.58,16.27,14.62,14.88,0
2013-12-27 09:15:00,14.88,15.51,14.62,14.66,0
2013-12-30 09:15:00,14.66,15.52,14.66,15.08,0
2013-12-31 09:15:00,15.08,15.44,14.75,15.12,0
2014-01-01 09:15:00,15.12,15.58,15.1,15.58,0
2014-01-02 09:15:00,15.58,16.97,15.33,16.55,0
2014-01-03 09:15:00,16.55,17.32,15.79,15.87,0
2014-01-06 09:15:00,15.87,16.91,15.87,16.5,0
2014-01-07 09:15:00,16.5,16.91,16.1,16.32,0
2014-01-08 09:15:00,16.32,16.48,15.82,16.32,0
2014-01-09 09:15:00,16.32,16.64,15.9,16.18,0
2014-01-10 09:15:00,16.18,16.37,15.02,15.58,0
2014-01-13 09:15:00,15.58,16.03,14.61,15.95,0
2014-01-14 09:15:00,15.95,16.27,15.13,15.74,0
2014-01-15 09:15:00,15.74,15.88,14.7,15.42,0
2014-01-16 09:15:00,15.42,15.82,14.4,15.54,0
2014-01-17 09:15:00,15.54,15.83,14.1,15.41,0
2014-01-20 09:15:00,15.41,16.07,14.77,15.35,0
2014-01-21 09:15:00,15.35,15.71,13.88,15.55,0
2014-01-22 09:15:00,15.55,15.87,14.92,15.85,0
2014-01-23 09:15:00,15.85,16.03,15.14,15.58,0
2014-01-24 09:15:00,15.58,16.18,15.24,15.83,0
2014-01-27 09:15:00,15.83,18.67,15.83,18.67,0
2014-01-28 09:15:00,18.67,18.72,17.61,17.72,0
2014-01-29 09:15:00,17.72,18.14,16.73,18.04,0
2014-01-30 09:15:00,18.04,18.34,17.07,17.25,0
2014-01-31 09:15:00,17.25,17.32,16.64,16.82,0
2014-02-03 09:15:00,16.82,18.34,16.82,18.27,0
2014-02-04 09:15:00,18.27,19.82,18.05,18.69,0
2014-02-05 09:15:00,18.69,20.09,17.73,18.93,0
2014-02-06 09:15:00,18.93,20.23,18.0,18.94,0
2014-02-07 09:15:00,18.94,19.11,17.7,18.55,0
2014-02-10 09:15:00,18.55,19.2,17.57,19.05,0
2014-02-11 09:15:00,19.05,19.05,17.39,18.63,0
2014-02-12 09:15:00,18.63,18.63,16.12,17.43,0
2014-02-13 09:15:00,17.43,17.96,15.22,17.8,0
2014-02-14 09:15:00,17.8,17.82,15.61,16.66,0
2014-02-17 09:15:00,16.66,17.02,15.54,15.83,0
2014-02-18 09:15:00,15.83,15.83,13.68,15.41,0
2014-02-19 09:15:00,15.41,15.41,14.05,15.07,0
2014-02-20 09:15:00,15.07,15.72,14.27,15.16,0
2014-02-21 09:15:00,15.16,15.16,13.88,14.04,0
2014-02-24 09:15:00,14.04,14.83,13.69,14.36,0
2014-02-25 09:15:00,14.36,14.36,13.53,13.95,0
2014-02-26 09:15:00,13.95,14.2,13.24,13.96,0
2014-02-28 09:15:00,13.96,14.87,13.55,14.18,0
2014-03-03 09:15:00,14.18,15.73,13.94,15.28,0
2014-03-04 09:15:00,15.28,15.37,13.93,14.39,0
2014-03-05 09:15:00,14.39,14.43,13.34,13.84,0
2014-03-06 09:15:00,13.84,14.64,12.5,14.48,0
2014-03-07 09:15:00,14.48,16.91,13.26,16.72,0
2014-03-10 09:15:00,16.72,17.98,15.95,17.78,0
2014-03-11 09:15:00,17.78,17.92,14.27,17.32,0
2014-03-12 09:15:00,17.32,17.44,16.09,17.04,0
2014-03-13 09:15:00,17.04,17.07,14.65,16.82,0
2014-03-14 09:15:00,16.82,17.29,14.29,16.45,0
2014-03-18 09:15:00,16.45,17.55,15.73,17.13,0
2014-03-19 09:15:00,17.13,17.32,15.67,16.88,0
2014-03-20 09:15:00,16.88,17.14,15.41,16.91,0
2014-03-21 09:15:00,16.91,16.91,14.39,16.19,0
2014-03-22 09:15:00,16.19,16.19,13.14,15.88,0
2014-03-24 09:15:00,15.88,17.2,15.24,16.54,0
2014-03-25 09:15:00,16.54,17.13,15.42,16.92,0
2014-03-26 09:15:00,16.92,18.25,15.72,17.77,0
2014-03-27 09:15:00,17.77,18.73,17.23,18.37,0
2014-03-28 09:15:00,18.37,19.14,17.1,18.63,0
2014-03-31 09:15:00,18.63,21.8,17.48,21.62,0
2014-04-01 09:15:00,21.62,21.67,19.54,20.69,0
2014-04-02 09:15:00,20.69,21.3,16.86,21.21,0
2014-04-03 09:15:00,21.21,22.31,17.3,22.11,0
2014-04-04 09:15:00,22.11,22.83,16.67,22.69,0
2014-04-07 09:15:00,22.69,25.49,17.69,24.95,0
2014-04-09 09:15:00,24.95,27.09,22.39,26.91,0
2014-04-10 09:15:00,26.91,29.71,21.11,28.72,0
2014-04-11 09:15:00,28.72,29.48,20.83,29.19,0
2014-04-15 09:15:00,29.19,32.61,22.87,31.88,0
2014-04-16 09:15:00,31.88,32.08,21.68,31.16,0
2014-04-17 09:15:00,31.16,31.33,21.65,30.85,0
2014-04-21 09:15:00,30.85,38.04,30.85,34.39,0
2014-04-22 09:15:00,34.39,37.22,32.94,33.36,0
2014-04-23 09:15:00,33.36,34.25,28.07,31.13,0
2014-04-25 09:15:00,31.13,32.97,30.12,30.68,0
2014-04-28 09:15:00,30.68,31.93,30.5,31.39,0
2014-04-29 09:15:00,31.39,32.44,30.49,31.05,0
2014-04-30 09:15:00,31.05,31.46,30.03,30.59,0
2014-05-02 09:15:00,30.59,33.42,29.18,33.06,0
2014-05-05 09:15:00,33.06,35.31,30.99,34.19,0
2014-05-06 09:15:00,34.19,34.29,31.37,33.27,0
2014-05-07 09:15:00,33.27,34.46,30.31,33.61,0
2014-05-08 09:15:00,33.61,35.01,29.61,34.29,0
2014-05-09 09:15:00,34.29,38.96,32.68,37.71,0
2014-05-12 09:15:00,37.71,39.29,33.82,37.11,0
2014-05-13 09:15:00,37.11,37.11,28.25,32.04,0
2014-05-14 09:15:00,32.04,33.0,28.61,32.42,0
2014-05-15 09:15:00,32.42,37.47,31.14,36.77,0
2014-05-16 09:15:00,36.77,36.77,21.74,24.29,0
2014-05-19 09:15:00,24.29,24.29,19.62,20.63,0
2014-05-20 09:15:00,20.63,21.13,16.17,19.23,0
2014-05-21 09:15:00,19.23,19.23,14.56,17.91,0
2014-05-22 09:15:00,17.91,18.68,14.76,17.84,0
2014-05-23 09:15:00,17.84,18.1,13.97,17.71,0
2014-05-26 09:15:00,17.71,20.6,14.59,19.84,0
2014-05-27 09:15:00,19.84,21.42,17.78,19.1,0
2014-05-28 09:15:00,19.1,19.55,17.34,17.55,0
2014-05-29 09:15:00,17.55,17.78,16.17,16.69,0
2014-05-30 09:15:00,16.69,16.95,15.87,16.34,0
2014-06-02 09:15:00,16.34,17.1,15.71,16.5,0
2014-06-03 09:15:00,16.5,16.89,15.16,15.8,0
2014-06-04 09:15:00,15.8,15.92,14.44,15.57,0
2014-06-05 09:15:00,15.57,16.04,14.13,15.45,0
2014-06-06 09:15:00,15.45,16.46,13.74,15.98,0
2014-06-09 09:15:00,15.98,17.42,14.63,17.1,0
2014-06-10 09:15:00,17.1,18.13,14.39,16.66,0
2014-06-11 09:15:00,16.66,17.5,14.0,17.05,0
2014-06-12 09:15:00,17.05,17.48,15.69,16.89,0
2014-06-13 09:15:00,16.89,17.96,14.52,17.76,0
2014-06-16 09:15:00,17.76,18.54,15.26,17.98,0
2014-06-17 09:15:00,17.98,18.48,16.61,17.7,0
2014-06-18 09:15:00,17.7,19.14,14.55,18.57,0
2014-06-19 09:15:00,18.57,19.38,16.96,18.73,0
2014-06-20 09:15:00,18.73,19.25,15.59,18.85,0
2014-06-23 09:15:00,18.85,19.54,17.82,18.96,0
2014-06-24 09:15:00,18.96,20.61,18.68,19.19,0
2014-06-25 09:15:00,19.19,20.12,18.11,18.3,0
2014-06-26 09:15:00,18.3,18.5,17.1,17.7,0
2014-06-27 09:15:00,17.7,18.37,17.38,17.63,0
2014-06-30 09:15:00,17.63,18.45,17.59,17.87,0
2014-07-01 09:15:00,17.87,18.14,17.23,17.66,0
2014-07-02 09:15:00,17.66,17.79,17.09,17.57,0
2014-07-03 09:15:00,17.57,18.26,17.23,17.8,0
2014-07-04 09:15:00,17.8,18.69,17.05,18.16,0
2014-07-07 09:15:00,18.16,19.57,17.55,19.41,0
2014-07-08 09:15:00,19.41,19.95,18.16,19.18,0
2014-07-09 09:15:00,19.18,19.3,18.01,18.19,0
2014-07-10 09:15:00,18.19,18.19,15.41,15.97,0
2014-07-11 09:15:00,15.97,16.02,14.85,15.72,0
2014-07-14 09:15:00,15.72,16.71,14.98,15.56,0
2014-07-15 09:15:00,15.56,15.56,13.84,14.77,0
2014-07-16 09:15:00,14.77,15.08,13.82,14.73,0
2014-07-17 09:15:00,14.73,15.18,11.94,14.97,0
2014-07-18 09:15:00,14.97,15.53,12.98,15.1,0
2014-07-21 09:15:00,15.1,15.51,13.63,14.9,0
2014-07-22 09:15:00,14.9,14.9,12.25,14.64,0
2014-07-23 09:15:00,14.64,15.1,12.47,14.69,0
2014-07-24 09:15:00,14.69,15.15,12.44,14.72,0
2014-07-25 09:15:00,14.72,15.0,12.78,14.22,0
2014-07-28 09:15:00,14.22,15.1,14.11,14.32,0
2014-07-30 09:15:00,14.32,14.76,13.69,13.89,0
2014-07-31 09:15:00,13.89,14.07,13.13,13.82,0
2014-08-01 09:15:00,13.82,15.38,13.71,15.22,0
2014-08-04 09:15:00,15.22,15.47,14.31,14.82,0
2014-08-05 09:15:00,14.82,14.82,13.67,13.95,0
2014-08-06 09:15:00,13.95,14.57,12.92,14.3,0
2014-08-07 09:15:00,14.3,14.46,13.02,14.14,0
2014-08-08 09:15:00,14.14,15.18,13.03,14.62,0
2014-08-11 09:15:00,14.62,14.76,13.48,14.0,0
2014-08-12 09:15:00,14.0,14.43,12.33,13.47,0
2014-08-13 09:15:00,13.47,14.09,12.72,13.76,0
2014-08-14 09:15:00,13.76,13.76,11.84,13.22,0
2014-08-18 09:15:00,13.22,14.2,11.98,13.5,0
2014-08-19 09:15:00,13.5,14.21,11.95,13.91,0
2014-08-20 09:15:00,13.91,14.33,12.46,13.66,0
2014-08-21 09:15:00,13.66,14.36,12.01,13.73,0
2014-08-22 09:15:00,13.73,13.97,12.2,13.62,0
2014-08-25 09:15:00,13.62,14.17,12.01,13.79,0
2014-08-26 09:15:00,13.79,14.52,13.28,13.9,0
2014-08-27 09:15:00,13.9,13.9,12.74,13.06,0
2014-08-28 09:15:00,13.06,14.35,12.33,13.07,0
2014-09-01 09:15:00,13.07,13.68,12.86,13.53,0
2014-09-02 09:15:00,13.53,13.91,12.49,13.45,0
2014-09-03 09:15:00,13.45,13.95,12.57,13.39,0
2014-09-04 09:15:00,13.39,13.62,12.4,13.08,0
2014-09-05 09:15:00,13.08,13.31,12.31,12.94,0
2014-09-08 09:15:00,12.94,13.07,12.18,12.79,0
2014-09-09 09:15:00,12.79,13.04,11.01,12.76,0
2014-09-10 09:15:00,12.76,13.11,11.81,12.93,0
2014-09-11 09:15:00,12.93,13.14,11.82,12.52,0
2014-09-12 09:15:00,12.52,12.62,11.4,12.37,0
2014-09-15 09:15:00,12.37,13.36,12.04,13.26,0
2014-09-16 09:15:00,13.26,13.73,12.05,13.28,0
2014-09-17 09:15:00,13.28,13.28,11.26,12.95,0
2014-09-18 09:15:00,12.95,12.95,11.05,12.33,0
2014-09-19 09:15:00,12.33,12.4,11.38,11.89,0
2014-09-22 09:15:00,11.89,12.44,10.32,11.57,0
2014-09-23 09:15:00,11.57,12.87,11.08,12.41,0
2014-09-24 09:15:00,12.41,13.52,11.89,12.54,0
2014-09-25 09:15:00,12.54,13.88,11.58,13.3,0
2014-09-26 09:15:00,13.3,14.83,12.54,12.93,0
2014-09-29 09:15:00,12.93,14.23,12.77,13.39,0
2014-09-30 09:15:00,13.39,13.57,12.72,13.15,0
2014-10-01 09:15:00,13.15,13.48,12.83,13.0,0
2014-10-07 09:15:00,13.0,14.57,13.0,14.46,0
2014-10-08 09:15:00,14.46,14.85,13.68,14.11,0
2014-10-09 09:15:00,14.11,14.11,12.75,13.16,0
2014-10-10 09:15:00,13.16,14.46,12.45,14.33,0
2014-10-13 09:15:00,14.33,15.23,14.07,14.5,0
2014-10-14 09:15:00,14.5,15.3,12.93,14.59,0
2014-10-16 09:15:00,14.59,16.89,14.32,16.43,0
2014-10-17 09:15:00,16.43,16.86,14.74,16.39,0
2014-10-20 09:15:00,16.39,16.39,12.94,14.19,0
2014-10-21 09:15:00,14.19,14.19,11.98,13.33,0
2014-10-22 09:15:00,13.33,13.33,12.04,13.03,0
2014-10-23 09:15:00,13.03,13.12,11.85,12.86,0
2014-10-27 09:15:00,12.86,13.8,11.92,13.52,0
2014-10-28 09:15:00,13.52,13.66,12.04,13.32,0
2014-10-29 09:15:00,13.32,13.6,12.54,13.01,0
2014-10-30 09:15:00,13.01,13.46,11.76,13.27,0
2014-10-31 09:15:00,13.27,13.76,12.22,13.3,0
2014-11-03 09:15:00,13.3,13.95,12.46,13.74,0
2014-11-05 09:15:00,13.74,14.32,12.49,13.76,0
2014-11-07 09:15:00,13.76,14.7,13.12,14.11,0
2014-11-10 09:15:00,14.11,17.21,12.98,13.93,0
2014-11-11 09:15:00,13.93,15.49,12.72,14.8,0
2014-11-12 09:15:00,14.8,14.8,12.59,14.44,0
2014-11-13 09:15:00,14.44,14.44,12.71,13.8,0
2014-11-14 09:15:00,13.8,14.2,11.38,13.97,0
2014-11-17 09:15:00,13.97,14.91,11.48,14.41,0
2014-11-18 09:15:00,14.41,14.91,10.84,14.07,0
2014-11-19 09:15:00,14.07,14.63,10.25,14.35,0
2014-11-20 09:15:00,14.35,14.36,11.91,14.17,0
2014-11-21 09:15:00,14.17,15.15,11.05,13.85,0
2014-11-24 09:15:00,13.85,13.85,9.35,13.02,0
2014-11-25 09:15:00,13.02,14.25,11.45,13.53,0
2014-11-26 09:15:00,13.53,13.54,10.61,12.99,0
2014-11-27 09:15:00,12.99,13.12,11.65,12.74,0
2014-11-28 09:15:00,12.74,13.13,11.6,12.9,0
2014-12-01 09:15:00,12.9,13.62,12.2,13.2,0
2014-12-02 09:15:00,13.2,13.33,12.21,12.4,0
2014-12-03 09:15:00,12.4,12.61,11.29,12.37,0
2014-12-04 09:15:00,12.37,12.64,10.72,12.45,0
2014-12-05 09:15:00,12.45,12.45,11.33,11.95,0
2014-12-08 09:15:00,11.95,12.65,11.23,12.21,0
2014-12-09 09:15:00,12.21,13.08,10.82,12.5,0
2014-12-10 09:15:00,12.5,12.97,11.57,12.24,0
2014-12-11 09:15:00,12.24,12.9,11.19,12.77,0
2014-12-12 09:15:00,12.77,13.91,11.53,13.75,0
2014-12-15 09:15:00,13.75,14.33,12.57,14.02,0
2014-12-16 09:15:00,14.02,16.55,12.57,16.3,0
2014-12-17 09:15:00,16.3,19.05,14.2,16.93,0
2014-12-18 09:15:00,16.93,16.93,13.97,14.6,0
2014-12-19 09:15:00,14.6,14.78,11.85,14.51,0
2014-12-22 09:15:00,14.51,15.58,14.02,14.21,0
2014-12-23 09:15:00,14.21,16.12,13.55,15.3,0
2014-12-24 09:15:00,15.3,15.61,14.3,15.07,0
2014-12-26 09:15:00,15.07,16.36,14.4,14.65,0
2014-12-29 09:15:00,14.65,15.04,14.22,14.58,0
2014-12-30 09:15:00,14.58,15.22,14.14,14.86,0
2014-12-31 09:15:00,14.86,15.4,14.6,15.12,0
2015-01-01 09:15:00,15.12,15.51,14.76,15.03,0
2015-01-02 09:15:00,15.03,15.03,13.48,13.8,0
2015-01-05 09:15:00,13.8,14.41,13.15,14.15,0
2015-01-06 09:15:00,14.15,17.87,13.46,17.42,0
2015-01-07 09:15:00,17.42,19.07,16.5,18.14,0
2015-01-08 09:15:00,18.14,18.14,15.38,16.47,0
2015-01-09 09:15:00,16.47,16.91,14.46,15.96,0
2015-01-12 09:15:00,15.96,17.55,14.37,16.11,0
2015-01-13 09:15:00,16.11,16.8,14.57,16.48,0
2015-01-14 09:15:00,16.48,17.8,14.66,17.25,0
2015-01-15 09:15:00,17.25,17.25,13.83,16.16,0
2015-01-16 09:15:00,16.16,17.5,14.86,17.28,0
2015-01-19 09:15:00,17.28,18.29,14.56,17.64,0
2015-01-20 09:15:00,17.64,17.64,15.72,17.27,0
2015-01-21 09:15:00,17.27,18.14,14.33,17.71,0
2015-01-22 09:15:00,17.71,18.76,14.21,18.57,0
2015-01-23 09:15:00,18.57,18.73,13.46,17.89,0
2015-01-27 09:15:00,17.89,18.69,16.78,18.09,0
2015-01-28 09:15:00,18.09,20.14,17.62,19.77,0
2015-01-29 09:15:00,19.77,20.57,17.7,19.43,0
2015-01-30 09:15:00,19.43,21.21,18.32,20.17,0
2015-02-02 00:00:00,20.17,21.37,19.86,20.41,0
2015-02-03 00:00:00,20.41,20.48,19.0,19.81,0
2015-02-04 00:00:00,19.81,20.29,17.97,20.05,0
2015-02-05 00:00:00,20.05,20.89,18.26,20.62,0
2015-02-06 00:00:00,20.62,21.24,18.72,20.69,0
2015-02-09 00:00:00,20.69,22.12,18.59,22.02,0
2015-02-10 00:00:00,22.02,22.02,19.85,21.19,0
2015-02-11 00:00:00,21.19,21.51,18.54,20.5,0
2015-02-12 00:00:00,20.5,20.96,17.93,20.16,0
2015-02-13 00:00:00,20.16,20.45,16.98,20.1,0
2015-02-16 00:00:00,20.1,21.12,17.48,20.83,0
2015-02-18 00:00:00,20.83,21.65,18.65,20.91,0
2015-02-19 00:00:00,20.91,21.91,19.4,20.4,0
2015-02-20 00:00:00,20.4,21.5,19.24,21.27,0
2015-02-23 00:00:00,21.27,22.02,19.46,21.63,0
2015-02-24 00:00:00,21.63,22.07,20.92,21.55,0
2015-02-25 00:00:00,21.55,21.55,20.22,20.78,0
2015-02-26 00:00:00,20.78,21.24,19.94,20.58,0
2015-02-27 00:00:00,20.58,20.58,19.3,19.57,0
2015-02-28 00:00:00,19.57,19.57,16.69,16.97,0
2015-03-02 00:00:00,16.97,16.97,15.74,15.85,0
2015-03-03 00:00:00,15.0,15.95,14.99,15.49,0
2015-03-04 00:00:00,15.49,15.49,14.3,15.2,0
2015-03-05 00:00:00,15.2,15.25,14.0,14.44,0
2015-03-09 00:00:00,13.32,16.01,13.32,15.81,0
2015-03-10 00:00:00,15.81,16.15,14.96,15.53,0
2015-03-11 00:00:00,15.53,15.61,14.26,15.13,0
2015-03-12 00:00:00,15.13,15.13,13.78,14.75,0
2015-03-13 00:00:00,14.75,15.24,13.93,14.97,0
2015-03-16 00:00:00,15.27,15.37,15.02,15.18,0
2015-03-17 00:00:00,13.47,15.45,13.47,15.13,0
2015-03-18 00:00:00,15.13,15.7,13.72,15.51,0
2015-03-19 00:00:00,15.51,15.51,13.47,15.2,0
2015-03-20 00:00:00,15.2,15.29,14.08,14.26,0
2015-03-23 00:00:00,14.26,14.58,12.79,14.27,0
2015-03-24 00:00:00,14.27,14.49,12.71,13.67,0
2015-03-25 00:00:00,13.67,13.95,12.38,13.14,0
2015-03-26 00:00:00,13.14,15.57,12.53,15.16,0
2015-03-27 00:00:00,15.16,15.4,14.38,14.5,0
2015-03-30 00:00:00,14.5,15.18,14.11,14.26,0
2015-03-31 00:00:00,14.26,14.74,13.86,14.49,0
2015-04-01 00:00:00,14.49,14.68,13.57,13.67,0
2015-04-06 00:00:00,13.67,15.05,13.6,14.57,0
2015-04-07 00:00:00,14.57,14.9,13.98,14.25,0
2015-04-08 00:00:00,14.25,14.7,13.35,14.35,0
2015-04-09 00:00:00,14.35,14.89,13.31,14.42,0
2015-04-10 00:00:00,14.42,14.79,13.43,14.26,0
2015-04-13 00:00:00,14.26,14.93,13.06,14.49,0
2015-04-15 00:00:00,14.49,14.99,13.91,14.62,0
2015-04-16 00:00:00,14.62,15.3,12.98,14.95,0
2015-04-17 00:00:00,14.95,15.18,13.62,15.04,0
2015-04-20 00:00:00,15.04,16.42,13.66,16.3,0
2015-04-21 00:00:00,16.3,17.34,15.23,17.03,0
2015-04-22 00:00:00,17.03,18.38,14.69,17.21,0
2015-04-23 00:00:00,17.21,19.44,14.97,18.5,0
2015-04-24 00:00:00,18.5,19.59,17.36,19.11,0
2015-04-27 00:00:00,19.11,20.09,16.22,18.74,0
2015-04-28 00:00:00,18.74,18.89,16.75,17.41,0
2015-04-29 00:00:00,17.41,17.89,15.73,17.24,0
2015-04-30 00:00:00,17.24,18.12,16.33,17.23,0
2015-05-04 00:00:00,17.23,18.28,16.96,17.31,0
2015-05-05 00:00:00,17.31,18.07,16.27,17.37,0
2015-05-06 00:00:00,17.37,20.46,16.71,19.67,0
2015-05-07 00:00:00,19.67,20.03,18.34,19.65,0
2015-05-08 00:00:00,19.65,19.65,17.51,19.11,0
2015-05-11 00:00:00,19.11,19.28,16.77,18.63,0
2015-05-12 00:00:00,18.63,21.33,17.22,20.55,0
2015-05-13 00:00:00,20.55,21.43,18.1,20.69,0
2015-05-14 00:00:00,20.69,21.9,19.84,20.7,0
2015-05-15 00:00:00,20.7,20.98,19.1,19.82,0
2015-05-18 00:00:00,19.82,20.47,16.77,17.9,0
2015-05-19 00:00:00,17.9,18.52,14.87,18.27,0
2015-05-20 00:00:00,18.27,18.27,17.0,17.72,0
2015-05-21 00:00:00,17.72,18.06,16.14,17.41,0
2015-05-22 00:00:00,17.41,17.44,15.2,16.95,0
2015-05-25 00:00:00,16.95,17.7,14.68,16.93,0
2015-05-26 00:00:00,16.93,17.84,16.82,17.07,0
2015-05-27 00:00:00,17.07,17.97,16.91,17.28,0
2015-05-28 00:00:00,17.28,17.72,16.6,17.13,0
2015-05-29 00:00:00,17.13,17.71,16.44,16.66,0
2015-06-01 00:00:00,16.66,17.45,16.06,16.91,0
2015-06-02 00:00:00,16.91,17.14,16.03,16.82,0
2015-06-03 00:00:00,16.82,17.92,15.86,17.51,0
2015-06-04 00:00:00,18.0,18.67,17.9,18.12,0
2015-06-05 00:00:00,18.12,18.38,17.69,18.09,0
2015-06-08 00:00:00,18.09,19.07,17.16,18.89,0
2015-06-09 00:00:00,18.89,19.12,16.48,18.01,0
2015-06-10 00:00:00,18.01,18.02,16.71,17.08,0
2015-06-11 00:00:00,17.08,17.95,15.95,17.81,0
2015-06-12 00:00:00,17.81,18.21,16.15,17.48,0
2015-06-15 00:00:00,17.48,18.02,15.35,17.53,0
2015-06-16 00:00:00,17.53,17.86,14.09,17.17,0
2015-06-17 00:00:00,17.17,17.19,14.3,16.73,0
2015-06-18 00:00:00,16.73,16.73,14.45,16.02,0
2015-06-19 00:00:00,16.02,16.02,14.91,15.09,0
2015-06-22 08:58:36,15.09,15.75,13.74,15.49,0
2015-06-23 08:58:37,15.49,16.52,14.83,15.04,0
2015-06-24 08:58:37,15.04,16.61,14.95,15.92,0
2015-06-25 08:58:36,15.92,16.71,15.5,15.93,0
2015-06-26 08:58:36,15.93,16.53,15.52,15.76,0
2015-06-29 08:59:23,15.76,18.78,15.76,18.17,0
2015-06-29 11:54:10,18.11,18.31,17.12,17.3,0
2015-06-30 08:46:07,17.3,17.84,16.78,16.93,0
2015-07-01 07:05:32,16.93,17.1,15.72,15.85,0
2015-07-02 07:05:41,15.85,16.07,15.22,15.63,0
2015-07-02 12:28:15,15.63,15.77,15.34,15.56,0
2015-07-03 07:08:40,15.56,16.39,14.79,16.31,0
2015-07-06 06:57:59,16.31,17.05,15.89,16.02,0
2015-07-07 07:04:09,16.02,16.57,15.22,16.31,0
2015-07-08 06:59:14,16.31,18.38,15.89,17.79,0
2015-07-09 06:57:19,17.79,18.07,16.29,17.44,0
2015-07-10 07:02:46,17.44,17.63,16.24,17.07,0
2015-07-13 07:14:57,17.07,17.72,15.57,16.27,0
2015-07-14 07:00:14,16.27,16.62,14.7,16.01,0
2015-07-15 07:14:16,16.01,16.03,14.62,15.57,0
2015-07-16 07:16:05,15.57,15.57,14.3,14.78,0
2015-07-17 06:59:18,14.78,15.14,13.29,14.8,0
2015-07-20 08:58:32,14.8,15.62,12.74,14.96,0
2015-07-21 07:05:22,14.96,15.31,13.03,15.1,0
2015-07-22 08:58:32,15.1,15.35,13.5,15.13,0
2015-07-23 06:58:03,15.13,15.74,13.1,15.52,0
2015-07-24 08:58:32,15.52,15.93,12.07,15.46,0
2015-07-27 08:18:53,15.46,17.05,12.93,16.37,0
2015-07-28 09:13:27,16.37,16.57,15.59,15.92,0
2015-07-29 08:55:02,15.92,16.34,14.13,15.88,0
2015-07-30 09:06:18,15.88,15.88,14.66,15.33,0
2015-07-31 08:14:59,15.33,15.58,14.5,14.57,0
2015-08-03 08:14:58,14.57,15.65,14.28,15.39,0
2015-08-04 08:14:57,15.39,15.7,14.28,14.83,0
2015-08-05 08:14:56,14.83,14.88,13.69,14.67,0
2015-08-06 08:14:56,14.67,15.01,12.89,14.73,0
2015-08-07 08:14:55,14.73,15.07,13.31,14.91,0
2015-08-10 08:58:46,14.91,15.62,14.24,15.47,0
2015-08-10 09:00:36,14.91,15.46,14.24,15.44,0
2015-08-11 08:14:52,15.47,16.09,13.55,15.89,0
2015-08-12 08:51:31,15.89,17.72,14.8,17.45,0
2015-08-13 09:23:55,16.57,17.41,16.54,17.02,0
2015-08-14 08:48:51,17.02,17.02,15.14,16.02,0
2015-08-17 08:48:35,16.02,17.2,15.29,16.46,0
2015-08-18 08:14:48,16.46,16.66,15.44,16.36,0
2015-08-19 08:58:28,16.36,16.99,14.95,16.68,0
2015-08-20 08:14:46,16.68,17.21,15.5,16.98,0
2015-08-21 08:14:46,16.98,18.73,15.78,17.12,0
2015-08-24 08:14:43,17.12,30.65,17.12,28.13,0
2015-08-25 08:14:42,28.13,35.57,26.08,26.85,0
2015-08-26 08:43:39,26.85,29.05,23.53,25.52,0
2015-08-27 08:14:41,25.52,25.52,21.52,22.04,0
2015-08-28 08:42:51,22.04,23.67,20.08,23.33,0
2015-08-31 08:14:39,23.33,24.74,22.68,24.6,0
2015-09-01 08:14:38,24.6,30.44,24.44,28.72,0
2015-09-02 08:14:37,28.72,28.72,26.38,26.65,0
2015-09-03 08:14:37,26.65,26.65,23.72,24.12,0
2015-09-04 08:29:49,24.12,27.25,23.49,26.42,0
2015-09-07 08:14:34,26.42,26.83,24.51,26.35,0
2015-09-08 08:14:34,26.35,26.44,23.84,24.57,0
2015-09-09 08:14:33,24.57,24.66,21.89,24.3,0
2015-09-10 08:32:30,24.3,25.84,24.02,24.75,0
2015-09-11 08:14:31,24.75,25.26,23.65,24.98,0
2015-09-14 08:14:29,24.98,25.27,23.46,24.32,0
2015-09-15 08:14:29,24.32,24.56,22.7,23.74,0
2015-09-16 08:14:28,23.74,23.74,21.6,22.0,0
2015-09-18 08:14:27,22.0,22.0,17.88,18.29,0
2015-09-21 08:14:25,18.29,18.92,16.99,18.18,0
2015-09-22 08:14:24,18.18,21.25,17.21,20.35,0
2015-09-23 08:58:24,20.34,22.19,19.77,20.68,0
2015-09-24 08:14:22,20.69,21.57,19.39,20.88,0
2015-09-28 08:14:19,20.88,22.24,20.77,21.67,0
2015-09-29 08:14:19,21.67,23.63,20.44,21.57,0
2015-09-30 08:14:19,21.57,21.57,19.37,19.63,0
2015-10-01 08:14:18,19.63,20.11,18.34,19.24,0
2015-10-05 08:14:14,19.24,19.46,18.06,19.13,0
2015-10-06 08:14:14,19.13,19.9,17.39,19.31,0
2015-10-07 08:24:47,19.31,19.74,17.9,19.34,0
2015-10-08 08:14:13,19.34,19.93,17.35,19.56,0
2015-10-09 08:14:12,19.56,19.69,17.86,18.93,0
2015-10-12 08:14:10,18.93,19.99,17.19,19.12,0
2015-10-13 08:14:09,19.12,19.22,17.85,18.02,0
2015-10-14 08:14:09,18.02,18.28,15.76,17.72,0
2015-10-15 08:58:20,17.72,17.72,14.85,17.17,0
2015-10-16 08:14:07,17.17,17.18,14.03,16.28,0
2015-10-19 08:14:05,16.28,17.07,15.3,16.88,0
2015-10-20 07:14:05,16.88,17.18,14.53,17.0,0
2015-10-21 07:14:04,17.0,17.42,15.12,16.62,0
2015-10-23 07:14:03,16.62,16.62,14.65,16.19,0
2015-10-26 07:14:01,16.19,17.82,15.01,17.23,0
2015-10-27 07:14:00,17.23,17.3,16.0,16.54,0
2015-10-28 07:13:59,16.54,17.48,15.59,17.04,0
2015-10-29 07:22:02,17.04,17.95,14.72,17.58,0
2015-10-30 09:00:17,17.58,18.32,16.88,17.88,0
2015-11-02 08:58:17,17.88,20.13,17.37,19.47,0
2015-11-03 07:13:55,19.48,19.96,18.07,19.56,0
2015-11-04 08:43:06,19.56,19.63,17.95,19.36,0
2015-11-05 08:37:11,19.35,19.73,18.34,19.29,0
2015-11-06 07:32:02,19.29,19.58,16.61,19.47,0
2015-11-09 07:16:46,19.47,19.47,15.99,17.04,0
2015-11-10 07:47:15,17.04,17.06,15.29,16.82,0
2015-11-11 17:35:10,16.82,16.94,14.53,16.9,0
2015-11-13 07:13:49,16.9,17.72,15.79,17.65,0
2015-11-16 09:15:00,17.65,18.61,15.42,17.95,0
2015-11-17 16:05:32,17.87,17.87,15.62,16.97,0
2015-11-18 16:05:39,16.97,17.75,14.9,17.41,0
2015-11-19 16:04:53,17.41,17.41,14.42,15.84,0
2015-11-20 16:06:05,15.84,16.13,13.83,15.89,0
2015-11-23 09:15:00,15.89,17.55,15.77,17.07,0
2015-11-24 09:15:00,17.07,17.08,15.65,16.25,0
2015-11-26 09:15:00,16.24,16.79,15.08,16.69,0
2015-11-27 09:15:00,16.68,16.98,16.17,16.73,0
2015-11-30 09:15:00,16.73,17.23,16.05,16.43,0
2015-12-01 09:15:00,16.43,16.43,15.53,15.64,0
2015-12-02 09:15:00,15.63,15.98,14.72,15.49,0
2015-12-03 09:15:00,15.48,16.16,15.11,16.06,0
2015-12-04 09:15:00,16.05,16.55,15.56,16.09,0
2015-12-07 09:15:00,16.08,16.36,15.79,15.87,0
2015-12-08 09:15:00,15.86,16.24,15.47,15.97,0
2015-12-09 09:15:00,15.97,16.92,15.37,16.73,0
2015-12-10 09:15:00,16.72,16.73,15.46,16.29,0
2015-12-11 09:15:00,16.29,17.77,15.03,17.18,0
2015-12-14 09:15:00,17.18,18.36,16.46,17.8,0
2015-12-15 09:15:00,17.79,18.36,16.11,17.34,0
2015-12-16 09:15:00,17.34,17.34,14.9,16.73,0
2015-12-17 09:15:00,16.72,16.73,14.02,14.22,0
2015-12-18 09:15:00,14.21,14.71,13.03,14.49,0
2015-12-21 09:15:00,14.49,14.97,12.98,14.23,0
2015-12-22 09:15:00,14.22,14.61,12.22,14.48,0
2015-12-23 09:15:00,14.48,14.48,12.62,13.65,0
2015-12-24 09:15:00,13.65,13.94,11.2,13.75,0
2015-12-28 09:15:00,13.74,14.53,10.37,14.4,0
2015-12-29 09:15:00,14.4,14.71,13.33,14.24,0
2015-12-30 09:15:00,14.23,14.5,12.78,14.35,0
2015-12-31 09:15:00,14.35,14.49,12.98,13.87,0
2016-01-01 09:15:00,13.87,14.35,13.1,14.26,0
2016-01-04 09:15:00,14.26,17.1,14.03,16.84,0
2016-01-05 09:15:00,16.83,16.84,15.56,16.7,0
2016-01-06 09:15:00,16.7,17.16,15.6,16.55,0
2016-01-07 09:15:00,16.55,19.26,16.49,18.96,0
2016-01-08 09:15:00,18.96,18.96,16.87,17.8,0
2016-01-11 09:15:00,17.79,19.2,17.79,18.69,0
2016-01-12 09:15:00,18.69,19.19,17.15,18.71,0
2016-01-13 09:15:00,18.71,19.66,17.52,18.35,0
2016-01-14 09:15:00,18.35,19.79,16.46,18.61,0
2016-01-15 09:15:00,18.6,19.69,15.67,19.42,0
2016-01-18 09:15:00,19.41,20.54,18.1,20.23,0
2016-01-19 09:15:00,20.22,20.23,17.93,18.43,0
2016-01-20 09:15:00,18.43,22.11,17.18,20.97,0
2016-01-21 09:15:00,20.96,21.69,17.85,20.81,0
2016-01-22 09:15:00,20.81,20.81,17.11,18.82,0
2016-01-25 09:15:00,18.82,19.15,17.21,18.27,0
2016-01-27 09:15:00,18.26,19.27,17.93,19.06,0
2016-01-28 09:15:00,19.05,19.06,17.25,17.9,0
2016-01-29 09:15:00,17.9,18.8,17.07,17.24,0
2016-02-01 09:15:00,17.24,18.17,17.12,17.89,0
2016-02-02 09:15:00,17.89,18.35,16.48,18.04,0
2016-02-03 09:15:00,18.03,18.94,18.01,18.59,0
2016-02-04 09:15:00,18.58,18.65,17.32,18.21,0
2016-02-05 09:15:00,18.2,18.33,16.54,18.12,0
2016-02-08 09:15:00,18.11,20.45,17.36,20.26,0
2016-02-09 09:15:00,20.25,22.03,20.24,21.73,0
2016-02-10 09:15:00,21.72,23.1,21.43,22.47,0
2016-02-11 09:15:00,22.46,26.87,22.11,25.97,0
2016-02-12 09:15:00,25.96,25.97,24.0,24.67,0
2016-02-15 09:15:00,24.67,24.67,21.79,22.38,0
2016-02-16 09:15:00,22.37,23.33,17.32,23.04,0
2016-02-17 09:15:00,23.04,23.81,20.63,21.83,0
2016-02-18 09:15:00,21.83,22.3,19.79,21.49,0
2016-02-19 09:15:00,21.48,21.66,17.69,20.92,0
2016-02-22 09:15:00,20.91,21.86,17.4,21.02,0
2016-02-23 09:15:00,21.02,24.64,21.02,23.84,0
2016-02-24 09:15:00,23.83,24.82,22.12,22.96,0
2016-02-25 09:15:00,22.95,23.48,2.3,22.75,0
2016-02-26 09:15:00,22.74,23.15,21.19,21.87,0
2016-02-29 09:15:00,21.86,22.4,19.35,20.16,0
2016-03-01 09:15:00,20.15,20.16,18.4,18.67,0
2016-03-02 09:15:00,18.67,19.2,17.49,18.99,0
2016-03-03 09:15:00,18.99,19.02,17.9,18.04,0
2016-03-04 09:15:00,18.04,18.32,17.2,17.88,0
2016-03-08 09:15:00,17.88,18.97,17.41,18.47,0
2016-03-09 09:15:00,18.46,18.67,17.31,17.51,0
2016-03-10 09:15:00,17.5,18.24,16.26,17.9,0
2016-03-11 09:15:00,17.89,17.9,16.03,17.1,0
2016-03-14 09:15:00,17.09,17.4,15.58,17.1,0
2016-03-15 09:15:00,17.1,17.84,15.23,17.6,0
2016-03-16 09:15:00,17.59,17.88,14.59,17.12,0
2016-03-17 09:15:00,17.11,17.28,15.55,16.84,0
2016-03-18 09:15:00,16.84,16.86,14.9,16.38,0
2016-03-21 09:15:00,16.38,17.11,14.83,16.33,0
2016-03-22 09:15:00,16.33,16.86,13.69,16.43,0
2016-03-23 09:15:00,16.43,16.87,13.94,16.34,0
2016-03-28 09:15:00,16.34,18.57,15.18,17.48,0
2016-03-29 09:15:00,17.48,18.04,16.8,17.63,0
2016-03-30 09:15:00,17.63,17.63,16.57,16.8,0
2016-03-31 09:15:00,16.8,16.88,15.49,16.58,0
2016-04-01 09:15:00,16.58,17.89,16.29,17.27,0
2016-04-04 09:15:00,17.27,18.16,16.23,17.45,0
2016-04-05 09:15:00,17.45,18.06,16.88,17.83,0
2016-04-06 09:15:00,17.83,17.92,16.12,17.34,0
2016-04-07 09:15:00,17.34,17.42,16.33,16.93,0
2016-04-08 09:15:00,16.93,16.93,15.19,16.43,0
2016-04-11 09:15:00,16.43,16.79,14.88,16.01,0
2016-04-12 09:15:00,16.01,16.3,14.65,16.02,0
2016-04-13 09:15:00,16.02,16.12,13.55,16.03,0
2016-04-18 09:15:00,16.03,17.41,14.14,16.94,0
2016-04-20 09:15:00,16.94,17.52,15.43,17.07,0
2016-04-21 09:15:00,17.07,17.07,15.63,16.51,0
2016-04-22 09:15:00,16.51,16.85,15.33,16.38,0
2016-04-25 09:15:00,16.38,17.03,16.12,16.57,0
2016-04-26 09:15:00,16.57,16.81,15.64,16.58,0
2016-04-27 09:15:00,16.58,16.79,16.22,16.35,0
2016-04-28 09:15:00,16.35,16.77,15.3,16.59,0
2016-04-29 09:15:00,16.59,17.24,15.63,16.53,0
2016-05-02 09:15:00,16.53,17.65,16.53,17.09,0
2016-05-03 09:15:00,17.09,18.08,15.6,17.46,0
2016-05-04 09:15:00,17.46,17.78,16.26,17.44,0
2016-05-05 09:15:00,17.44,17.48,15.72,17.17,0
2016-05-06 09:15:00,17.17,17.5,16.05,16.94,0
2016-05-09 09:15:00,16.94,16.94,15.21,16.61,0
2016-05-10 09:15:00,16.61,17.18,15.02,16.41,0
2016-05-11 09:15:00,16.41,17.46,15.53,16.96,0
2016-05-12 09:15:00,16.96,17.16,15.96,16.32,0
2016-05-13 09:15:00,16.32,17.36,14.19,16.99,0
2016-05-16 09:15:00,16.99,17.77,16.16,17.03,0
2016-05-17 09:15:00,17.03,17.03,15.73,16.37,0
2016-05-18 09:15:00,16.37,16.97,15.99,16.45,0
2016-05-19 09:15:00,16.45,17.41,15.41,17.06,0
2016-05-20 09:15:00,17.06,17.06,14.98,16.42,0
2016-05-23 09:15:00,16.42,16.55,15.18,16.16,0
2016-05-24 09:15:00,16.16,16.88,15.68,16.22,0
2016-05-25 09:15:00,16.22,16.22,14.54,15.52,0
2016-05-26 09:15:00,15.52,15.52,14.46,15.32,0
2016-05-27 09:15:00,15.32,15.85,14.93,15.26,0
2016-05-30 09:15:00,15.26,16.44,14.77,15.97,0
2016-05-31 09:15:00,15.97,16.36,14.3,16.04,0
2016-06-01 09:15:00,16.04,16.09,14.72,15.83,0
2016-06-02 09:15:00,15.83,15.93,14.96,15.08,0
2016-06-03 09:15:00,15.08,15.39,14.04,14.99,0
2016-06-06 09:15:00,14.99,15.53,14.11,15.35,0
2016-06-07 09:15:00,15.35,15.35,14.4,14.87,0
2016-06-08 09:15:00,14.87,15.28,13.31,15.14,0
2016-06-09 09:15:00,15.14,15.83,13.97,15.67,0
2016-06-10 09:15:00,15.67,16.27,14.55,15.97,0
2016-06-13 09:15:00,15.97,17.07,15.65,16.58,0
2016-06-14 09:15:00,16.58,17.53,14.91,17.19,0
2016-06-15 09:15:00,17.19,17.63,15.42,17.05,0
2016-06-16 09:15:00,17.05,18.46,15.77,17.69,0
2016-06-17 09:15:00,17.69,17.89,16.04,17.35,0
2016-06-20 09:15:00,17.35,18.45,16.29,17.51,0
2016-06-21 09:15:00,17.51,17.7,16.39,17.26,0
2016-06-22 09:15:00,17.26,18.31,16.22,18.18,0
2016-06-23 09:15:00,18.18,18.82,16.99,18.02,0
2016-06-24 09:15:00,18.02,21.05,16.15,18.62,0
2016-06-27 09:15:00,18.62,19.73,18.38,18.53,0
2016-06-28 09:15:00,18.53,18.81,17.44,17.72,0
2016-06-29 09:15:00,17.72,17.72,15.9,16.15,0
2016-06-30 09:15:00,16.15,16.41,14.65,16.29,0
2016-07-01 09:15:00,16.29,16.35,15.65,15.73,0
2016-07-04 09:15:00,15.73,15.96,15.15,15.57,0
2016-07-05 09:15:00,15.57,15.7,14.83,15.36,0
2016-07-07 09:15:00,15.36,15.58,14.28,15.3,0
2016-07-08 09:15:00,15.3,15.8,13.91,15.08,0
2016-07-11 09:15:00,15.08,15.08,13.75,14.84,0
2016-07-12 09:15:00,14.84,15.03,13.81,14.78,0
2016-07-13 09:15:00,14.78,15.4,13.86,15.32,0
2016-07-14 09:15:00,15.32,15.92,14.16,15.61,0
2016-07-15 09:15:00,15.61,16.32,13.92,15.63,0
2016-07-18 09:15:00,15.63,16.2,14.1,15.98,0
2016-07-19 09:15:00,15.98,16.23,13.92,15.79,0
2016-07-20 09:15:00,15.79,16.21,14.13,15.99,0
2016-07-21 09:15:00,15.99,16.11,14.02,15.71,0
2016-07-22 09:15:00,15.71,15.95,14.44,15.49,0
2016-07-25 09:15:00,15.49,16.11,13.52,15.71,0
2016-07-26 09:15:00,15.71,16.14,13.94,15.62,0
2016-07-27 09:15:00,15.62,15.67,14.47,15.42,0
2016-07-28 09:15:00,15.42,15.53,12.59,15.14,0
2016-07-29 09:15:00,15.14,15.23,14.15,14.91,0
2016-08-01 09:15:00,14.91,15.47,14.36,15.18,0
2016-08-02 09:15:00,15.18,15.79,13.95,15.69,0
2016-08-03 09:15:00,15.69,16.44,14.29,16.23,0
2016-08-04 09:15:00,16.23,16.23,14.1,15.14,0
2016-08-05 09:15:00,15.14,15.14,13.61,14.35,0
2016-08-08 09:15:00,14.35,14.82,13.11,14.58,0
2016-08-09 09:15:00,14.58,14.96,12.35,14.53,0
2016-08-10 09:15:00,14.53,15.25,12.71,14.92,0
2016-08-11 09:15:00,14.92,14.92,13.17,14.21,0
2016-08-12 09:15:00,14.21,14.21,12.37,13.77,0
2016-08-16 09:15:00,13.77,14.63,13.14,14.18,0
2016-08-17 09:15:00,14.18,14.9,12.71,14.78,0
2016-08-18 09:15:00,14.78,14.78,12.91,14.55,0
2016-08-19 09:15:00,14.55,14.9,12.1,14.53,0
2016-08-22 09:15:00,14.53,15.0,13.27,14.23,0
2016-08-23 09:15:00,14.23,14.62,13.06,13.89,0
2016-08-24 09:15:00,13.89,14.03,12.39,13.48,0
2016-08-25 09:15:00,13.48,13.61,10.92,13.28,0
2016-08-26 09:15:00,13.28,14.2,12.35,13.57,0
2016-08-29 09:15:00,13.57,14.0,12.93,13.16,0
2016-08-30 09:15:00,13.16,13.16,12.29,13.02,0
2016-08-31 09:15:00,13.02,13.54,12.24,13.24,0
2016-09-01 09:15:00,13.24,13.68,12.53,13.34,0
2016-09-02 09:15:00,13.34,13.44,12.63,12.94,0
2016-09-06 09:15:00,12.94,13.18,12.35,12.75,0
2016-09-07 09:15:00,12.75,13.35,11.94,13.14,0
2016-09-08 09:15:00,13.14,13.23,12.04,13.11,0
2016-09-09 09:15:00,13.11,13.45,12.63,13.23,0
2016-09-12 09:15:00,13.23,15.34,12.7,15.24,0
2016-09-14 09:15:00,15.24,15.52,14.2,14.76,0
2016-09-15 09:15:00,14.76,15.08,13.44,14.67,0
2016-09-16 09:15:00,14.67,14.95,13.42,14.58,0
2016-09-19 09:15:00,14.58,15.2,13.64,14.94,0
2016-09-20 09:15:00,14.94,15.15,13.77,14.78,0
2016-09-21 09:15:00,14.78,14.95,13.16,14.8,0
2016-09-22 09:15:00,14.8,14.8,12.59,13.34,0
2016-09-23 09:15:00,13.34,13.59,12.03,13.24,0
2016-09-26 09:15:00,13.24,14.78,12.81,14.56,0
2016-09-27 09:15:00,14.56,14.56,13.77,14.25,0
2016-09-28 09:15:00,14.25,14.35,13.49,13.84,0
2016-09-29 09:15:00,13.84,19.12,13.15,18.45,0
2016-09-30 09:15:00,18.45,18.84,16.82,17.18,0
2016-10-03 09:15:00,17.18,17.18,15.51,15.62,0
2016-10-04 09:15:00,15.62,15.71,14.81,14.99,0
2016-10-05 09:15:00,14.99,15.15,13.91,14.93,0
2016-10-06 09:15:00,14.92,15.12,14.32,14.83,0
2016-10-07 09:15:00,14.83,14.97,13.78,14.48,0
2016-10-10 09:15:00,14.48,14.56,13.27,14.28,0
2016-10-13 09:15:00,14.28,16.0,14.28,15.42,0
2016-10-14 09:15:00,15.42,15.42,14.33,14.88,0
2016-10-17 09:15:00,14.88,16.05,14.34,15.65,0
2016-10-18 09:15:00,15.65,15.65,14.3,14.53,0
2016-10-19 09:15:00,14.53,14.94,13.15,14.61,0
2016-10-20 09:15:00,14.61,14.61,12.74,14.16,0
2016-10-21 09:15:00,14.16,14.35,12.43,13.83,0
2016-10-24 09:15:00,13.83,14.44,13.1,14.33,0
2016-10-25 09:15:00,14.33,14.81,12.84,14.48,0
2016-10-26 09:15:00,14.48,14.93,13.6,14.45,0
2016-10-27 09:15:00,14.45,14.82,12.74,14.08,0
2016-10-28 09:15:00,14.08,14.88,13.48,14.65,0
2016-10-30 18:30:00,14.65,15.61,14.46,15.49,0
2016-11-01 09:15:00,15.49,15.88,14.31,15.73,0
2016-11-02 09:15:00,15.73,17.26,15.12,16.79,0
2016-11-03 09:15:00,16.79,16.79,15.48,16.46,0
2016-11-04 09:15:00,16.46,17.42,14.6,16.84,0
2016-11-07 09:15:00,16.84,16.84,14.93,16.5,0
2016-11-08 09:15:00,16.5,17.37,15.06,16.77,0
2016-11-09 09:15:00,16.77,22.79,15.84,16.62,0
2016-11-10 09:15:00,16.62,16.62,14.23,15.45,0
2016-11-11 09:15:00,15.45,17.71,14.16,17.36,0
2016-11-15 09:15:00,17.36,20.83,16.45,20.14,0
2016-11-16 09:15:00,20.14,20.19,16.9,19.5,0
2016-11-17 09:15:00,19.5,19.5,17.43,18.71,0
2016-11-18 09:15:00,18.71,18.71,15.85,17.8,0
2016-11-21 09:15:00,17.8,19.76,15.71,19.09,0
2016-11-22 09:15:00,19.09,20.13,17.94,18.46,0
2016-11-23 09:15:00,18.46,23.09,16.34,18.04,0
2016-11-24 09:15:00,18.04,18.58,16.64,17.16,0
2016-11-25 09:15:00,17.16,18.87,16.87,17.61,0
2016-11-28 09:15:00,17.61,18.6,16.81,18.05,0
2016-11-29 09:15:00,18.05,18.21,16.51,17.7,0
2016-11-30 09:15:00,17.7,17.99,16.04,16.85,0
2016-12-01 09:15:00,16.85,16.89,14.33,16.68,0
2016-12-02 09:15:00,16.68,18.19,15.82,17.93,0
2016-12-05 09:15:00,17.93,18.29,16.92,17.28,0
2016-12-06 09:15:00,17.28,17.35,14.96,17.1,0
2016-12-07 09:15:00,17.1,17.11,15.5,16.84,0
2016-12-08 09:15:00,16.84,16.84,14.16,15.52,0
2016-12-09 09:15:00,15.52,15.63,14.53,15.06,0
2016-12-12 09:15:00,15.06,16.31,14.21,16.19,0
2016-12-13 09:15:00,16.19,16.48,13.75,15.92,0
2016-12-14 09:15:00,15.92,16.67,14.43,16.59,0
2016-12-15 09:15:00,16.59,16.59,15.25,15.65,0
2016-12-16 09:15:00,15.65,15.65,13.44,15.25,0
2016-12-19 09:15:00,15.25,15.58,13.25,14.83,0
2016-12-20 09:15:00,14.83,14.92,13.4,14.53,0
2016-12-21 09:15:00,14.53,14.85,13.33,14.7,0
2016-12-22 09:15:00,14.7,15.7,12.76,15.55,0
2016-12-23 09:15:00,15.55,15.78,12.61,15.12,0
2016-12-26 09:15:00,15.12,16.9,13.43,16.6,0
2016-12-27 09:15:00,16.6,16.76,14.94,15.08,0
2016-12-28 09:15:00,15.08,15.62,14.26,15.54,0
2016-12-29 09:15:00,15.54,16.07,14.65,15.28,0
2016-12-30 09:15:00,15.28,15.57,14.53,15.46,0
2017-01-02 09:15:00,15.46,16.37,14.64,15.83,0
2017-01-03 09:15:00,15.83,16.41,14.9,15.95,0
2017-01-04 09:15:00,15.95,16.1,14.89,15.89,0
2017-01-05 09:15:00,15.89,15.89,14.44,15.05,0
2017-01-06 09:15:00,15.05,15.08,13.92,14.91,0
2017-01-09 09:15:00,14.91,15.63,13.82,15.48,0
2017-01-10 09:15:00,15.48,15.48,14.02,15.19,0
2017-01-11 09:56:00,15.19,15.19,13.53,14.8,0
2017-01-12 09:15:00,14.8,14.86,13.46,14.61,0
2017-01-13 09:15:00,14.61,14.65,13.37,14.38,0
2017-01-16 09:15:00,14.38,15.25,13.42,15.06,0
2017-01-17 09:15:00,15.06,15.62,13.98,15.39,0
2017-01-18 09:15:00,15.39,15.39,13.61,15.18,0
2017-01-19 09:15:00,15.18,15.27,14.03,15.02,0
2017-01-20 09:15:00,15.02,15.86,13.85,15.79,0
2017-01-23 09:15:00,15.79,16.37,15.5,15.9,0
2017-01-24 09:15:00,15.9,15.96,14.38,15.28,0
2017-01-25 09:15:00,15.28,15.42,14.41,15.17,0
2017-01-27 09:15:00,15.17,16.12,14.93,16.0,0
2017-01-30 09:15:00,16.0,16.85,15.39,16.67,0
2017-01-31 09:15:00,16.67,17.09,15.71,16.82,0
2017-02-01 09:15:00,16.82,17.42,13.8,13.97,0
2017-02-02 09:15:00,13.97,13.97,12.64,13.52,0
2017-02-03 09:15:00,13.52,13.59,11.78,13.12,0
2017-02-06 09:15:00,13.12,13.61,11.06,13.39,0
2017-02-07 09:15:00,13.39,13.72,12.24,13.5,0
2017-02-08 09:15:00,13.5,13.75,11.43,13.35,0
2017-02-09 09:15:00,13.35,13.78,11.39,13.23,0
2017-02-10 09:15:00,13.23,13.33,11.37,13.17,0
2017-02-13 09:15:00,13.17,13.76,11.57,13.69,0
2017-02-14 09:15:00,13.69,14.01,12.09,13.8,0
2017-02-15 09:15:00,13.8,14.46,11.72,14.21,0
2017-02-16 09:15:00,14.21,14.21,11.43,13.73,0
2017-02-17 09:15:00,13.73,13.77,12.46,13.43,0
2017-02-20 09:15:00,13.43,13.84,12.41,13.61,0
2017-02-21 09:15:00,13.61,14.28,11.89,13.52,0
2017-02-22 09:15:00,13.52,14.04,12.72,13.7,0
2017-02-23 09:15:00,13.7,13.96,12.91,13.4,0
2017-02-27 09:15:00,13.4,14.27,13.4,13.67,0
2017-02-28 09:15:00,13.67,14.02,13.16,13.79,0
2017-03-01 09:15:00,13.79,13.79,13.2,13.57,0
2017-03-02 09:15:00,13.57,13.61,13.03,13.36,0
2017-03-03 09:15:00,13.36,13.6,12.56,13.35,0
2017-03-06 09:15:00,13.35,13.72,12.81,13.64,0
2017-03-07 09:15:00,13.64,14.0,13.09,13.87,0
2017-03-08 09:15:00,13.87,14.28,12.68,14.07,0
2017-03-09 09:15:00,14.07,14.78,12.6,14.39,0
2017-03-10 09:15:00,14.39,14.39,13.57,13.95,0
2017-03-14 09:15:00,13.95,13.95,11.08,12.4,0
2017-03-15 09:15:00,12.4,12.53,11.2,12.42,0
2017-03-16 09:15:00,12.42,12.42,11.34,11.91,0
2017-03-17 09:15:00,11.91,12.11,10.38,11.85,0
2017-03-20 09:15:00,11.85,12.31,11.44,12.01,0
2017-03-21 09:15:00,12.01,12.15,11.03,11.94,0
2017-03-22 09:15:00,11.94,12.35,11.58,12.27,0
2017-03-23 09:15:00,12.27,12.27,11.23,11.83,0
2017-03-24 09:15:00,11.83,12.1,10.7,11.97,0
2017-03-27 09:15:00,11.97,12.57,11.33,12.43,0
2017-03-28 09:15:00,12.43,12.43,11.46,12.11,0
2017-03-29 09:15:00,12.11,12.24,11.45,12.08,0
2017-03-30 09:15:00,12.08,12.45,11.75,12.15,0
2017-03-31 09:15:00,12.15,12.51,11.48,12.42,0
2017-04-03 09:15:00,12.42,12.76,11.41,11.49,0
2017-04-05 09:15:00,11.49,11.88,10.89,11.55,0
2017-04-06 09:15:00,11.55,11.76,11.03,11.29,0
2017-04-07 09:15:00,11.29,11.81,10.3,11.69,0
2017-04-10 09:15:00,11.69,11.92,11.24,11.62,0
2017-04-11 09:15:00,11.62,11.83,10.23,11.39,0
2017-04-12 09:15:00,11.39,12.06,10.79,11.62,0
2017-04-13 09:15:00,11.62,11.78,10.58,11.57,0
2017-04-17 09:15:00,11.57,12.21,10.69,11.89,0
2017-04-18 09:15:00,11.89,12.59,10.76,12.37,0
2017-04-19 09:15:00,12.37,12.51,10.74,12.21,0
2017-04-20 09:15:00,12.21,12.21,10.85,11.56,0
2017-04-21 09:15:00,11.56,11.73,10.55,11.42,0
2017-04-24 09:15:00,11.42,11.85,10.96,11.62,0
2017-04-25 09:15:00,11.62,11.62,10.97,11.15,0
2017-04-26 09:15:00,11.15,11.86,9.91,11.74,0
2017-04-27 09:15:00,11.74,11.74,10.36,11.07,0
2017-04-28 09:15:00,11.07,11.07,10.53,10.86,0
2017-05-02 09:15:00,10.86,11.8,10.35,11.44,0
2017-05-03 09:15:00,11.44,11.66,9.94,11.52,0
2017-05-04 09:15:00,11.52,11.78,10.6,11.33,0
2017-05-05 09:15:00,11.33,12.16,10.45,11.98,0
2017-05-08 09:15:00,11.98,11.98,10.61,11.66,0
2017-05-09 09:15:00,11.66,11.66,10.54,11.11,0
2017-05-10 09:15:00,11.11,11.11,9.95,10.94,0
2017-05-11 09:15:00,10.94,11.26,9.89,10.83,0
2017-05-12 09:15:00,10.83,10.83,9.46,10.62,0
2017-05-15 09:15:00,10.62,11.14,8.83,10.67,0
2017-05-16 09:15:00,10.67,11.02,9.06,10.56,0
2017-05-17 09:15:00,10.56,10.8,9.24,10.63,0
2017-05-18 09:15:00,10.63,12.74,9.81,11.78,0
2017-05-19 09:15:00,11.78,11.9,10.39,11.3,0
2017-05-22 09:15:00,11.3,11.85,10.2,11.2,0
2017-05-23 09:15:00,11.2,12.76,9.86,12.2,0
2017-05-24 09:15:00,12.2,12.78,10.45,11.83,0
2017-05-25 09:15:00,11.83,11.92,10.19,10.44,0
2017-05-26 09:15:00,10.44,11.18,9.88,10.86,0
2017-05-29 09:15:00,10.86,11.87,10.26,11.78,0
2017-05-30 09:15:00,11.78,12.27,10.86,11.76,0
2017-05-31 09:15:00,11.76,12.24,11.02,11.76,0
2017-06-01 09:15:00,11.76,11.91,10.61,11.3,0
2017-06-02 09:15:00,11.3,11.3,10.31,10.81,0
2017-06-05 09:15:00,10.81,11.14,10.05,11.01,0
2017-06-06 09:15:00,11.01,11.32,9.49,11.13,0
2017-06-07 09:15:00,11.13,11.18,10.22,10.89,0
2017-06-08 09:15:00,10.89,11.12,9.52,11.06,0
2017-06-09 09:15:00,11.06,11.22,10.27,10.86,0
2017-06-12 09:15:00,10.86,11.5,10.35,11.42,0
2017-06-13 09:15:00,11.42,11.46,9.9,11.34,0
2017-06-14 09:15:00,11.34,11.52,10.44,11.18,0
2017-06-15 09:15:00,11.18,11.43,9.88,11.32,0
2017-06-16 09:15:00,11.32,11.32,9.71,10.91,0
2017-06-19 09:15:00,10.91,10.91,9.74,10.62,0
2017-06-20 09:15:00,10.62,10.87,9.82,10.65,0
2017-06-21 09:15:00,10.65,11.05,9.77,10.91,0
2017-06-22 09:15:00,10.91,11.42,10.07,11.2,0
2017-06-23 09:15:00,11.2,11.78,8.75,11.55,0
2017-06-27 09:15:00,11.55,12.86,10.93,12.5,0
2017-06-28 09:15:00,12.5,12.75,11.09,11.99,0
2017-06-29 09:15:00,11.99,11.99,10.59,11.38,0
2017-06-30 09:15:00,11.38,12.1,11.07,11.73,0
2017-07-03 09:15:00,11.73,11.75,10.45,11.2,0
2017-07-04 09:15:00,11.2,11.64,10.42,11.27,0
2017-07-05 09:15:00,11.27,11.42,10.45,11.15,0
2017-07-06 09:15:00,11.15,11.17,10.28,10.98,0
2017-07-07 09:15:00,10.98,11.12,9.61,10.86,0
2017-07-10 09:15:00,10.86,11.09,9.57,10.91,0
2017-07-11 09:15:00,10.91,11.07,9.89,10.89,0
2017-07-12 09:15:00,10.89,11.3,9.67,11.05,0
2017-07-13 09:15:00,11.05,11.39,9.86,11.24,0
2017-07-14 09:15:00,11.24,11.47,10.06,11.17,0
2017-07-17 09:15:00,11.17,11.56,10.48,11.45,0
2017-07-18 09:15:00,11.45,11.79,10.28,11.49,0
2017-07-19 09:15:00,11.49,11.68,9.07,11.25,0
2017-07-20 09:15:00,11.25,11.56,10.37,11.31,0
2017-07-21 09:15:00,11.31,11.71,9.0,11.08,0
2017-07-24 09:15:00,11.08,11.79,10.35,11.31,0
2017-07-25 09:15:00,11.31,11.51,10.23,10.91,0
2017-07-26 09:15:00,10.91,11.77,10.9,11.17,0
2017-07-27 09:15:00,11.17,11.91,10.81,11.21,0
2017-07-28 09:15:00,11.21,12.01,10.98,11.13,0
2017-07-31 09:15:00,11.13,12.03,11.13,11.9,0
2017-08-01 09:15:00,11.9,12.39,11.58,11.9,0
2017-08-02 09:15:00,11.9,12.17,10.92,11.94,0
2017-08-03 09:15:00,11.94,12.23,11.2,11.64,0
2017-08-04 09:15:00,11.64,11.74,10.74,11.39,0
2017-08-07 09:15:00,11.39,12.0,10.64,11.89,0
2017-08-08 09:15:00,11.89,13.04,10.48,12.77,0
2017-08-09 09:15:00,12.77,13.67,10.51,13.45,0
2017-08-10 09:15:00,13.45,14.16,12.23,13.8,0
2017-08-11 09:15:00,13.8,15.54,11.67,15.19,0
2017-08-14 09:15:00,15.19,15.19,11.85,14.38,0
2017-08-16 09:15:00,14.38,14.7,12.62,14.23,0
2017-08-17 09:15:00,14.23,14.62,10.79,14.34,0
2017-08-18 09:15:00,14.34,14.89,11.16,14.57,0
2017-08-21 09:15:00,14.57,14.96,13.14,14.81,0
2017-08-22 09:15:00,14.81,14.81,11.16,14.1,0
2017-08-23 09:15:00,14.1,14.1,12.26,13.18,0
2017-08-24 09:15:00,13.18,13.19,11.94,12.57,0
2017-08-28 09:15:00,12.57,13.67,11.36,12.64,0
2017-08-29 09:15:00,12.64,13.85,12.28,13.54,0
2017-08-30 09:15:00,13.54,14.13,11.74,12.88,0
2017-08-31 09:15:00,12.88,13.69,11.78,11.95,0
2017-09-01 09:15:00,11.95,12.15,10.52,11.67,0
2017-09-04 09:15:00,11.67,13.95,11.48,13.16,0
2017-09-05 09:15:00,13.16,13.44,12.47,12.88,0
2017-09-06 09:15:00,12.88,13.49,12.03,13.12,0
2017-09-07 09:15:00,13.12,13.12,11.17,13.0,0
2017-09-08 09:15:00,13.0,13.09,11.77,12.96,0
2017-09-11 09:15:00,12.96,12.96,11.54,12.36,0
2017-09-12 09:15:00,12.36,12.36,11.52,11.75,0
2017-09-13 09:15:00,11.75,11.86,10.68,11.75,0
2017-09-14 09:15:00,11.75,11.87,10.36,11.47,0
2017-09-15 09:15:00,11.47,12.01,10.01,11.67,0
2017-09-18 09:15:00,11.67,11.67,10.83,11.44,0
2017-09-19 09:15:00,11.44,11.64,10.39,11.46,0
2017-09-20 09:15:00,11.46,11.87,10.11,11.63,0
2017-09-21 09:15:00,11.63,12.18,9.25,11.63,0
2017-09-22 09:15:00,11.63,12.99,11.0,12.81,0
2017-09-25 09:15:00,12.81,13.84,11.5,13.34,0
2017-09-26 09:15:00,13.34,13.62,12.63,12.92,0
2017-09-27 09:15:00,12.92,14.16,11.77,13.86,0
2017-09-28 09:15:00,13.86,13.97,12.82,13.17,0
2017-09-29 09:15:00,13.17,13.17,11.91,12.48,0
2017-10-03 09:15:00,12.48,12.87,11.44,12.46,0
2017-10-04 09:15:00,12.46,12.57,11.57,11.8,0
2017-10-05 09:15:00,11.8,11.89,10.58,11.71,0
2017-10-06 09:15:00,11.71,11.71,10.74,11.11,0
2017-10-09 09:15:00,11.11,11.56,10.4,11.39,0
2017-10-10 09:15:00,11.39,11.45,10.75,11.11,0
2017-10-11 09:15:00,11.11,12.18,10.18,11.73,0
2017-10-12 09:15:00,11.73,11.73,10.46,11.04,0
2017-10-13 09:15:00,11.04,11.34,10.08,11.26,0
2017-10-16 09:15:00,11.26,11.58,10.03,11.31,0
2017-10-17 09:15:00,11.31,11.73,10.1,11.61,0
2017-10-18 09:15:00,11.61,11.75,10.13,11.54,0
2017-10-19 18:30:00,11.54,12.81,10.82,12.39,0
2017-10-23 09:15:00,12.39,12.93,10.87,12.32,0
2017-10-24 09:15:00,12.32,12.47,11.36,11.59,0
2017-10-25 09:15:00,11.59,12.49,11.19,11.76,0
2017-10-26 09:15:00,11.76,12.64,11.28,11.61,0
2017-10-27 09:15:00,11.61,12.15,11.19,11.47,0
2017-10-30 09:15:00,11.47,12.26,11.47,12.11,0
2017-10-31 09:15:00,12.11,12.52,11.52,12.44,0
2017-11-01 09:15:00,12.44,12.44,11.79,12.13,0
2017-11-02 09:15:00,12.13,12.37,11.41,12.0,0
2017-11-03 09:15:00,12.0,12.3,11.07,11.91,0
2017-11-06 09:15:00,11.91,13.26,11.37,13.02,0
2017-11-07 09:15:00,13.02,13.68,11.67,13.23,0
2017-11-08 09:15:00,13.23,13.85,11.23,13.61,0
2017-11-09 09:15:00,13.61,13.71,11.08,13.26,0
2017-11-10 09:15:00,13.26,13.81,11.16,13.47,0
2017-11-13 09:15:00,13.47,14.38,11.16,14.04,0
2017-11-14 09:15:00,14.04,14.74,12.45,14.16,0
2017-11-15 09:15:00,14.16,14.57,11.58,14.26,0
2017-11-16 09:15:00,14.26,14.26,11.06,13.46,0
2017-11-17 09:15:00,13.46,13.86,11.63,13.71,0
2017-11-20 09:15:00,13.71,15.6,11.12,13.43,0
2017-11-21 09:15:00,13.43,13.92,11.01,13.71,0
2017-11-22 09:15:00,13.71,14.33,12.18,14.03,0
2017-11-23 09:15:00,14.03,14.46,12.82,13.86,0
2017-11-24 09:15:00,13.86,13.99,12.49,13.51,0
2017-11-27 09:15:00,13.51,13.9,11.52,13.03,0
2017-11-28 09:15:00,13.03,13.36,12.03,13.14,0
2017-11-29 09:15:00,13.14,13.28,12.25,13.06,0
2017-11-30 09:15:00,13.06,13.9,11.96,13.55,0
2017-12-01 09:15:00,13.55,15.02,12.62,14.79,0
2017-12-04 09:15:00,14.79,15.25,14.13,14.85,0
2017-12-05 09:15:00,14.85,15.33,13.54,15.0,0
2017-12-06 09:15:00,15.0,15.25,13.55,15.08,0
2017-12-07 09:15:00,15.08,15.08,13.92,14.27,0
2017-12-08 09:15:00,14.27,14.27,12.9,13.67,0
2017-12-11 09:15:00,13.67,14.48,12.16,14.14,0
2017-12-12 09:15:00,14.14,15.37,12.15,15.26,0
2017-12-13 09:15:00,15.26,16.31,12.7,15.94,0
2017-12-14 09:15:00,15.94,17.38,12.79,16.4,0
2017-12-15 09:15:00,16.4,16.4,13.39,14.94,0
2017-12-18 09:15:00,14.94,18.25,12.81,13.11,0
2017-12-19 09:15:00,13.11,13.11,12.07,12.18,0
2017-12-20 09:15:00,12.18,12.41,11.2,12.18,0
2017-12-21 09:15:00,12.18,12.24,10.16,12.08,0
2017-12-22 09:15:00,12.08,12.13,10.73,11.58,0
2017-12-26 09:15:00,11.58,12.25,10.31,12.05,0
2017-12-27 09:15:00,12.05,12.73,11.51,12.49,0
2017-12-28 09:15:00,12.49,12.69,11.32,12.29,0
2017-12-29 09:15:00,12.29,12.76,11.48,12.67,0
2018-01-01 09:15:00,12.67,13.61,12.54,13.35,0
2018-01-02 09:15:00,13.35,13.84,12.6,13.68,0
2018-01-03 09:15:00,13.68,13.71,12.76,13.62,0
2018-01-04 09:15:00,13.62,13.79,12.18,13.41,0
2018-01-05 09:15:00,13.41,13.41,12.42,13.11,0
2018-01-08 09:15:00,13.11,13.85,11.81,13.73,0
2018-01-09 09:15:00,13.73,14.13,12.25,13.84,0
2018-01-10 09:15:00,13.84,14.22,12.51,14.03,0
2018-01-11 09:15:00,14.03,14.27,12.98,14.01,0
2018-01-12 09:15:00,14.01,14.55,11.92,13.73,0
2018-01-15 09:15:00,13.73,14.47,11.81,14.3,0
2018-01-16 09:15:00,14.3,14.58,12.34,14.08,0
2018-01-17 09:15:00,14.08,14.44,10.34,13.86,0
2018-01-18 09:15:00,13.86,14.22,11.65,13.96,0
2018-01-19 09:15:00,13.96,14.19,10.75,13.98,0
2018-01-22 09:15:00,13.98,15.59,12.06,15.39,0
2018-01-23 09:15:00,15.39,16.29,14.11,16.22,0
2018-01-24 09:15:00,16.22,18.49,14.64,18.04,0
2018-01-25 09:15:00,18.04,18.23,17.03,17.5,0
2018-01-29 09:15:00,17.5,18.48,16.36,17.88,0
2018-01-30 09:15:00,17.88,18.0,16.15,16.41,0
2018-01-31 09:15:00,16.41,16.41,14.28,15.93,0
2018-02-01 09:15:00,15.93,16.77,13.9,14.1,0
2018-02-02 09:15:00,14.1,15.49,11.49,15.25,0
2018-02-05 09:15:00,15.25,18.33,15.08,16.05,0
2018-02-06 09:15:00,16.05,23.15,16.05,20.01,0
2018-02-07 09:15:00,20.01,20.01,16.79,19.46,0
2018-02-08 09:15:00,19.46,24.03,15.26,17.77,0
2018-02-09 09:15:00,17.77,20.42,15.15,19.23,0
2018-02-12 09:15:00,19.23,19.23,16.56,17.88,0
2018-02-14 09:15:00,17.88,17.88,15.52,17.18,0
2018-02-15 09:15:00,17.18,17.18,14.08,16.31,0
2018-02-16 09:15:00,16.31,16.97,12.57,16.37,0
2018-02-19 09:15:00,16.37,18.03,13.95,16.66,0
2018-02-20 09:15:00,16.66,17.53,16.32,16.86,0
2018-02-21 09:15:00,16.86,16.87,15.72,15.92,0
2018-02-22 09:15:00,15.92,16.45,14.5,14.83,0
2018-02-23 09:15:00,14.83,14.83,13.53,14.2,0
2018-02-26 09:15:00,14.2,14.32,13.53,13.69,0
2018-02-27 09:15:00,13.69,14.42,12.44,13.92,0
2018-02-28 09:15:00,13.92,14.4,12.52,13.8,0
2018-03-01 09:15:00,13.8,14.25,12.4,14.07,0
2018-03-05 09:15:00,14.07,15.99,12.23,15.39,0
2018-03-06 09:15:00,15.39,16.44,13.16,16.24,0
2018-03-07 09:15:00,16.24,16.46,13.44,15.7,0
2018-03-08 09:15:00,15.7,15.7,12.48,14.58,0
2018-03-09 09:15:00,14.58,14.76,12.9,14.52,0
2018-03-12 09:15:00,14.52,14.66,12.01,14.49,0
2018-03-13 09:15:00,14.49,14.62,12.38,14.46,0
2018-03-14 09:15:00,14.46,14.95,11.73,14.36,0
2018-03-15 09:15:00,14.36,14.65,11.29,14.33,0
2018-03-16 09:15:00,14.33,15.62,11.63,15.22,0
2018-03-19 09:15:00,15.22,16.01,13.14,15.82,0
2018-03-20 09:15:00,15.82,16.12,15.17,15.6,0
2018-03-21 09:15:00,15.6,15.6,12.39,15.1,0
2018-03-22 09:15:00,15.1,15.36,11.99,15.24,0
2018-03-23 09:15:00,15.24,16.38,15.24,15.54,0
2018-03-26 09:15:00,15.54,16.38,14.85,15.19,0
2018-03-27 09:15:00,15.19,16.1,14.49,15.55,0
2018-03-28 09:15:00,15.55,15.97,14.81,15.75,0
2018-04-02 09:15:00,15.75,16.45,15.19,15.34,0
2018-04-03 09:15:00,15.34,15.77,14.87,15.18,0
2018-04-04 09:15:00,15.18,16.48,13.68,16.34,0
2018-04-05 09:15:00,16.34,16.34,13.86,14.79,0
2018-04-06 09:15:00,14.79,15.15,13.01,14.74,0
2018-04-09 09:15:00,14.74,15.13,14.46,14.86,0
2018-04-10 09:15:00,14.86,14.86,14.0,14.49,0
2018-04-11 09:15:00,14.49,14.9,12.74,14.72,0
2018-04-12 09:15:00,14.72,14.99,11.8,14.56,0
2018-04-13 09:15:00,14.56,14.56,13.45,14.14,0
2018-04-16 09:15:00,14.14,14.86,13.41,14.26,0
2018-04-17 09:15:00,14.26,14.39,13.34,14.04,0
2018-04-18 09:15:00,14.04,14.36,13.16,14.11,0
2018-04-19 09:15:00,14.11,14.11,12.5,13.74,0
2018-04-20 09:15:00,13.74,13.76,9.74,12.93,0
2018-04-23 09:15:00,12.93,13.49,11.53,13.14,0
2018-04-24 09:15:00,13.14,13.38,11.48,11.89,0
2018-04-25 09:15:00,11.89,13.31,11.89,12.4,0
2018-04-26 09:15:00,12.39,13.58,11.74,12.03,0
2018-04-27 09:15:00,12.03,12.63,11.43,12.01,0
2018-04-30 09:15:00,12.01,12.55,12.01,12.36,0
2018-05-02 09:15:00,12.36,13.19,12.36,12.84,0
2018-05-03 09:15:00,12.84,13.2,12.47,12.98,0
2018-05-04 09:15:00,12.98,13.45,10.98,13.25,0
2018-05-07 09:15:00,13.25,13.96,12.82,13.76,0
2018-05-08 09:15:00,13.76,14.43,11.09,14.05,0
2018-05-09 09:15:00,14.05,14.55,12.12,14.27,0
2018-05-10 09:15:00,14.27,14.65,12.56,14.42,0
2018-05-11 09:15:00,14.42,14.82,13.0,13.97,0
2018-05-14 09:15:00,13.97,14.49,12.1,14.24,0
2018-05-15 09:15:00,14.24,14.24,11.48,13.16,0
2018-05-16 09:15:00,13.16,13.64,10.85,13.43,0
2018-05-17 09:15:00,13.43,13.68,11.09,13.4,0
2018-05-18 09:15:00,13.4,14.35,11.61,14.15,0
2018-05-21 09:15:00,14.15,14.53,11.75,14.41,0
2018-05-22 09:15:00,14.41,14.41,11.74,13.6,0
2018-05-23 09:15:00,13.6,14.94,11.88,14.15,0
2018-05-24 09:15:00,14.15,14.22,10.89,13.14,0
2018-05-25 09:15:00,13.14,13.17,11.0,12.64,0
2018-05-28 09:15:00,12.64,13.14,11.34,13.05,0
2018-05-29 09:15:00,13.05,13.86,11.97,13.07,0
2018-05-30 09:15:00,13.07,13.85,12.18,13.41,0
2018-05-31 09:15:00,13.41,14.23,12.13,13.22,0
2018-06-01 09:15:00,13.22,14.59,12.15,13.57,0
2018-06-04 09:15:00,13.57,15.47,12.18,13.88,0
2018-06-05 09:15:00,13.88,14.49,13.13,13.31,0
2018-06-06 09:15:00,13.31,13.51,12.14,12.55,0
2018-06-07 09:15:00,12.55,13.65,11.61,12.77,0
2018-06-08 09:15:00,12.77,13.16,10.8,12.69,0
2018-06-11 09:15:00,12.69,13.82,11.32,13.18,0
2018-06-12 09:15:00,13.18,13.89,10.44,12.73,0
2018-06-13 09:15:00,12.73,13.14,11.22,12.63,0
2018-06-14 09:15:00,12.63,12.63,10.43,12.09,0
2018-06-15 09:15:00,12.09,12.5,10.49,12.07,0
2018-06-18 09:15:00,12.07,12.55,9.82,12.38,0
2018-06-19 09:15:00,12.38,13.0,11.47,12.92,0
2018-06-20 09:15:00,12.92,12.92,10.6,12.17,0
2018-06-21 09:15:00,12.17,12.59,10.91,12.44,0
2018-06-22 09:15:00,12.44,12.54,10.39,12.02,0
2018-06-25 09:15:00,12.02,12.77,9.74,12.58,0
2018-06-26 09:15:00,12.58,12.97,12.33,12.79,0
2018-06-27 09:15:00,12.79,13.81,12.08,13.51,0
2018-06-28 09:15:00,13.51,14.07,12.52,13.94,0
2018-06-29 09:15:00,13.94,13.94,12.63,12.93,0
2018-07-02 09:15:00,12.93,13.94,12.46,13.37,0
2018-07-03 09:15:00,13.37,13.75,12.18,13.0,0
2018-07-04 09:15:00,13.0,13.34,12.57,12.65,0
2018-07-05 09:15:00,12.65,12.95,11.22,12.57,0
2018-07-06 09:15:00,12.57,12.68,11.66,12.44,0
2018-07-09 09:15:00,12.44,12.57,11.21,12.39,0
2018-07-10 09:15:00,12.39,12.52,11.01,12.39,0
2018-07-11 09:15:00,12.39,12.86,10.01,12.77,0
2018-07-12 09:15:00,12.77,12.86,10.65,12.5,0
2018-07-13 09:15:00,12.5,12.5,11.31,12.3,0
2018-07-16 09:15:00,12.3,13.04,11.16,12.94,0
2018-07-17 09:15:00,12.94,12.94,11.24,12.82,0
2018-07-18 09:15:00,12.82,13.9,10.64,13.68,0
2018-07-19 09:15:00,13.68,13.79,10.99,13.59,0
2018-07-20 09:15:00,13.59,13.9,11.31,13.53,0
2018-07-23 09:51:00,13.53,13.62,12.06,13.0,0
2018-07-24 09:15:00,13.0,13.08,12.14,12.46,0
2018-07-25 09:15:00,12.46,13.25,11.21,12.2,0
2018-07-26 09:15:00,12.2,13.04,11.6,12.02,0
2018-07-27 09:15:00,12.02,12.5,11.24,12.31,0
2018-07-30 09:15:00,12.31,13.05,12.3,12.58,0
2018-07-31 09:15:00,12.58,12.79,12.28,12.48,0
2018-08-01 09:15:00,12.48,12.76,11.99,12.53,0
2018-08-02 09:15:00,12.53,12.8,10.88,12.55,0
2018-08-03 09:15:00,12.55,12.55,10.9,12.07,0
2018-08-06 09:15:00,12.07,12.73,11.85,12.56,0
2018-08-07 09:15:00,12.56,12.82,10.58,12.57,0
2018-08-08 09:15:00,12.57,12.78,10.48,12.54,0
2018-08-09 09:15:00,12.54,12.76,10.87,12.67,0
2018-08-10 09:15:00,12.67,12.98,10.05,12.85,0
2018-08-13 09:15:00,12.85,13.5,11.29,13.4,0
2018-08-14 09:15:00,13.4,13.42,10.75,13.28,0
2018-08-16 09:15:00,13.28,13.86,11.46,13.64,0
2018-08-17 09:15:00,13.64,13.64,10.3,13.16,0
2018-08-20 09:15:00,13.16,13.55,11.34,13.03,0
2018-08-21 09:15:00,13.03,13.63,9.92,12.9,0
2018-08-23 09:15:00,12.9,13.11,9.53,12.75,0
2018-08-24 09:15:00,12.75,12.83,9.43,12.4,0
2018-08-27 09:15:00,12.4,12.53,9.51,12.23,0
2018-08-28 09:15:00,12.23,12.6,10.37,12.42,0
2018-08-29 09:15:00,12.42,12.67,10.72,12.43,0
2018-08-30 09:15:00,12.43,12.62,10.62,12.41,0
2018-08-31 09:15:00,12.41,12.79,11.6,12.59,0
2018-09-03 09:15:00,12.59,13.71,11.17,13.39,0
2018-09-04 09:15:00,13.39,13.88,12.19,13.78,0
2018-09-05 09:15:00,13.78,14.15,11.95,13.65,0
2018-09-06 09:15:00,13.65,14.2,12.06,13.72,0
2018-09-07 09:15:00,13.72,14.14,11.08,13.89,0
2018-09-10 09:15:00,13.89,15.31,12.61,15.2,0
2018-09-11 09:15:00,15.2,15.44,13.44,15.33,0
2018-09-12 09:15:00,15.33,15.33,12.98,14.25,0
2018-09-14 09:15:00,14.25,14.25,12.32,13.84,0
2018-09-17 09:15:00,13.84,14.63,11.73,14.49,0
2018-09-18 09:15:00,14.49,14.62,11.87,14.41,0
2018-09-19 09:15:00,14.41,14.47,11.74,14.0,0
2018-09-21 09:15:00,14.0,16.92,10.98,15.53,0
2018-09-24 09:15:00,15.53,17.85,13.8,17.42,0
2018-09-25 09:15:00,17.42,18.31,16.21,16.68,0
2018-09-26 09:15:00,16.68,17.57,15.1,17.08,0
2018-09-27 09:15:00,17.08,17.37,15.6,16.92,0
2018-09-28 09:15:00,16.92,17.69,15.92,16.99,0
2018-10-01 09:15:00,16.99,18.86,16.27,16.83,0
2018-10-03 09:15:00,16.83,18.64,15.57,18.11,0
2018-10-04 09:15:00,18.11,19.68,17.48,18.91,0
2018-10-05 09:15:00,18.91,20.48,18.45,19.73,0
2018-10-08 09:15:00,19.73,21.76,18.47,20.14,0
2018-10-09 09:15:00,20.14,20.35,17.47,19.75,0
2018-10-10 09:15:00,19.75,19.75,17.72,17.9,0
2018-10-11 09:15:00,17.9,20.84,17.62,20.54,0
2018-10-12 09:15:00,20.54,20.54,16.67,18.62,0
2018-10-15 09:15:00,18.62,19.82,15.98,18.88,0
2018-10-16 09:15:00,18.88,18.88,14.28,17.37,0
2018-10-17 09:15:00,17.37,18.2,14.84,17.98,0
2018-10-19 09:15:00,17.98,20.05,17.44,19.78,0
2018-10-22 09:15:00,19.78,21.67,17.08,21.35,0
2018-10-23 09:15:00,21.35,22.34,18.76,19.03,0
2018-10-24 09:15:00,19.03,19.81,17.71,18.88,0
2018-10-25 09:15:00,18.88,20.33,18.49,18.96,0
2018-10-26 09:15:00,18.96,21.04,18.66,19.23,0
2018-10-29 09:15:00,19.23,20.81,19.23,19.82,0
2018-10-30 09:15:00,19.82,20.77,19.55,20.5,0
2018-10-31 09:15:00,20.5,22.81,19.57,19.79,0
2018-11-01 09:15:00,19.79,20.13,18.89,19.19,0
2018-11-02 09:15:00,19.19,19.19,17.48,18.23,0
2018-11-05 09:15:00,18.23,19.82,17.73,19.48,0
2018-11-06 09:15:00,19.48,19.48,16.18,18.5,0
2018-11-07 17:30:00,18.5,18.5,16.81,17.87,0
2018-11-09 09:15:00,17.87,18.75,16.75,17.76,0
2018-11-12 09:15:00,17.76,19.46,16.47,19.36,0
2018-11-13 09:15:00,19.36,19.68,17.12,18.69,0
2018-11-14 09:15:00,18.69,19.5,14.77,18.82,0
2018-11-15 09:15:00,18.82,18.91,15.49,18.45,0
2018-11-16 09:15:00,18.45,18.86,16.89,18.35,0
2018-11-19 09:15:00,18.35,19.65,13.51,19.25,0
2018-11-20 09:15:00,19.25,19.64,18.25,19.32,0
2018-11-21 09:15:00,19.32,20.09,15.54,19.55,0
2018-11-22 09:15:00,19.55,20.0,17.08,19.16,0
2018-11-26 09:15:00,19.16,20.52,15.01,20.4,0
2018-11-27 09:15:00,20.4,20.4,16.6,18.31,0
2018-11-28 09:15:00,18.31,19.35,16.67,17.96,0
2018-11-29 09:15:00,17.96,18.85,14.93,18.69,0
2018-11-30 09:15:00,18.69,19.91,16.81,19.16,0
2018-12-03 00:00:00,19.16,19.61,16.31,18.22,0
2018-12-04 00:00:00,18.22,19.62,16.91,18.11,0
2018-12-05 00:00:00,18.11,18.83,16.62,18.39,0
2018-12-06 00:00:00,18.39,19.55,15.91,19.31,0
2018-12-07 00:00:00,19.31,19.63,15.98,18.59,0
2018-12-10 00:00:00,18.59,20.65,16.89,20.44,0
2018-12-11 00:00:00,20.44,20.44,17.2,17.95,0
2018-12-12 00:00:00,17.95,17.95,15.42,15.81,0
2018-12-13 00:00:00,15.81,15.91,11.91,15.55,0
2018-12-14 00:00:00,15.55,15.6,12.67,15.16,0
2018-12-17 00:00:00,15.16,15.91,13.87,14.54,0
2018-12-18 00:00:00,14.54,15.31,11.98,14.58,0
2018-12-19 00:00:00,14.58,14.87,11.87,14.66,0
2018-12-20 00:00:00,14.66,14.92,13.72,14.33,0
2018-12-21 00:00:00,14.33,16.23,12.94,15.99,0
2018-12-24 00:00:00,15.99,17.13,14.9,15.75,0
2018-12-26 00:00:00,15.75,17.48,14.81,15.92,0
2018-12-27 00:00:00,15.92,16.38,12.56,16.07,0
2018-12-28 00:00:00,16.07,16.07,15.02,15.27,0
2018-12-31 00:00:00,15.27,16.15,14.65,16.0,0
2019-01-01 00:00:00,16.0,16.4,15.15,15.33,0
2019-01-02 00:00:00,15.33,16.95,14.84,16.39,0
2019-01-03 00:00:00,16.39,17.15,15.44,16.79,0
2019-01-04 00:00:00,16.79,16.97,15.49,16.16,0
2019-01-07 00:00:00,16.16,16.45,15.3,16.3,0
2019-01-08 00:00:00,16.3,16.57,14.74,15.7,0
2019-01-09 00:00:00,15.7,16.32,13.9,15.27,0
2019-01-10 00:00:00,15.27,15.61,14.15,15.35,0
2019-01-11 00:00:00,15.35,15.83,14.36,15.35,0
2019-01-14 00:00:00,15.35,16.55,15.35,16.16,0
2019-01-15 00:00:00,16.16,16.16,12.99,15.58,0
2019-01-16 00:00:00,15.58,16.31,12.8,16.08,0
2019-01-17 00:00:00,16.08,16.43,12.99,16.24,0
2019-01-18 00:00:00,16.24,16.91,12.31,16.62,0
2019-01-21 00:00:00,16.62,18.34,14.36,18.15,0
2019-01-22 00:00:00,18.15,18.47,15.51,17.99,0
2019-01-23 00:00:00,17.99,18.29,12.02,18.09,0
2019-01-24 00:00:00,18.09,18.38,14.54,17.44,0
2019-01-25 00:00:00,17.43,18.14,14.37,17.69,0
2019-01-28 00:00:00,17.69,19.28,14.59,18.9,0
2019-01-29 00:00:00,18.9,19.8,18.04,18.43,0
2019-01-30 00:00:00,18.43,18.43,15.98,17.85,0
2019-01-31 00:00:00,17.85,17.85,16.45,17.12,0
2019-02-01 00:00:00,17.12,17.18,15.55,15.72,0
2019-02-04 00:00:00,15.72,16.45,14.97,15.72,0
2019-02-05 00:00:00,15.72,15.98,14.61,15.78,0
2019-02-06 00:00:00,15.78,15.97,12.83,15.63,0
2019-02-07 00:00:00,15.63,16.22,13.6,15.44,0
2019-02-08 00:00:00,15.44,15.82,12.97,15.57,0
2019-02-11 00:00:00,15.57,16.36,13.46,15.84,0
2019-02-12 00:00:00,15.84,15.98,13.23,15.75,0
2019-02-13 00:00:00,15.75,15.9,11.81,15.73,0
2019-02-14 00:00:00,15.73,16.58,12.09,15.77,0
2019-02-15 00:00:00,15.77,17.54,12.45,16.46,0
2019-02-18 00:00:00,16.46,18.19,11.85,18.0,0
2019-02-19 00:00:00,18.0,18.61,15.26,18.47,0
2019-02-20 00:00:00,18.47,18.47,15.24,17.06,0
2019-02-21 00:00:00,17.06,17.17,12.13,16.05,0
2019-02-22 00:00:00,16.05,16.05,12.32,15.45,0
2019-02-25 00:00:00,15.45,16.04,11.7,15.36,0
2019-02-26 00:00:00,15.36,18.1,13.12,17.12,0
2019-02-27 00:00:00,17.11,19.98,14.13,18.9,0
2019-02-28 00:00:00,18.9,18.9,17.07,18.28,0
2019-03-01 00:00:00,18.28,18.28,15.9,16.28,0
2019-03-05 00:00:00,16.27,16.86,15.45,15.66,0
2019-03-06 00:00:00,15.66,15.74,14.29,15.61,0
2019-03-07 00:00:00,15.61,15.69,14.31,15.29,0
2019-03-08 00:00:00,15.29,15.41,12.92,14.94,0
2019-03-11 00:00:00,14.94,15.38,13.67,14.9,0
2019-03-12 00:00:00,14.9,15.2,13.84,15.1,0
2019-03-13 00:00:00,15.1,15.6,12.3,15.28,0
2019-03-14 00:00:00,15.28,15.52,13.76,15.15,0
2019-03-15 00:00:00,15.15,16.39,11.85,15.87,0
2019-03-18 00:00:00,15.87,17.19,14.27,16.9,0
2019-03-19 00:00:00,16.9,17.18,14.55,16.49,0
2019-03-20 00:00:00,16.49,16.49,14.49,16.03,0
2019-03-22 00:00:00,16.03,16.81,12.68,16.28,0
2019-03-25 00:00:00,16.27,17.03,14.26,16.67,0
2019-03-26 00:00:00,16.67,16.67,15.52,16.49,0
2019-03-27 00:00:00,16.49,17.42,14.55,17.05,0
2019-03-28 00:00:00,17.05,17.33,15.75,16.65,0
2019-03-29 00:00:00,16.65,17.43,16.24,17.19,0
2019-04-01 00:00:00,17.18,18.22,17.18,18.01,0
2019-04-02 00:00:00,18.01,18.55,17.44,18.08,0
2019-04-03 00:00:00,18.08,18.88,17.29,18.78,0
2019-04-04 00:00:00,18.78,19.33,18.25,18.65,0
2019-04-05 00:00:00,18.65,19.08,16.76,18.39,0
2019-04-08 00:00:00,18.39,20.46,18.39,20.15,0
2019-04-09 00:00:00,20.15,20.66,16.55,20.28,0
2019-04-10 00:00:00,20.28,21.28,18.7,21.13,0
2019-04-11 00:00:00,21.13,21.34,19.41,20.96,0
2019-04-12 00:00:00,20.96,21.3,18.68,21.0,0
2019-04-15 00:00:00,21.0,22.24,18.76,21.39,0
2019-04-16 00:00:00,21.39,21.89,19.67,21.69,0
2019-04-18 00:00:00,21.69,23.05,18.5,22.74,0
2019-04-22 00:00:00,22.74,24.56,20.41,24.05,0
2019-04-23 00:00:00,24.05,26.32,22.78,24.65,0
2019-04-24 00:00:00,24.65,25.13,23.45,23.71,0
2019-04-25 00:00:00,23.71,25.54,22.73,23.23,0
2019-04-26 00:00:00,23.23,23.96,21.43,21.72,0
2019-04-30 00:00:00,21.72,22.78,20.76,21.83,0
2019-05-02 00:00:00,21.83,23.27,21.77,22.98,0
2019-05-03 00:00:00,22.98,24.15,21.1,24.03,0
2019-05-06 00:00:00,24.03,27.84,19.74,26.43,0
2019-05-07 00:00:00,26.43,26.81,23.09,26.48,0
2019-05-08 00:00:00,26.48,27.03,23.25,26.37,0
2019-05-09 00:00:00,26.37,26.5,23.49,25.49,0
2019-05-10 00:00:00,25.49,26.53,24.54,26.34,0
2019-05-13 00:00:00,26.34,28.06,23.71,27.38,0
2019-05-14 00:00:00,27.38,27.76,22.39,27.13,0
2019-05-15 00:00:00,27.13,29.08,23.18,28.66,0
2019-05-16 00:00:00,28.66,29.33,23.78,28.37,0
2019-05-17 00:00:00,28.37,29.23,25.5,28.08,0
2019-05-20 00:00:00,28.08,28.08,19.76,23.68,0
2019-05-21 00:00:00,23.68,28.1,20.24,25.65,0
2019-05-22 00:00:00,25.65,30.18,19.04,27.63,0
2019-05-23 00:00:00,27.63,27.63,18.96,19.41,0
2019-05-24 00:00:00,19.41,19.41,14.49,16.47,0
2019-05-27 00:00:00,16.47,17.34,13.48,16.19,0
2019-05-28 00:00:00,16.19,16.54,15.38,15.92,0
2019-05-29 00:00:00,15.92,16.51,14.48,16.41,0
2019-05-30 00:00:00,16.41,16.41,14.85,15.61,0
2019-05-31 00:00:00,15.61,16.79,14.19,16.07,0
2019-06-03 00:00:00,16.07,16.23,14.08,15.97,0
2019-06-04 00:00:00,15.97,15.97,14.67,15.63,0
2019-06-06 00:00:00,15.63,15.93,13.98,15.53,0
2019-06-07 00:00:00,15.53,15.73,13.63,14.86,0
2019-06-10 00:00:00,14.86,15.45,13.45,14.98,0
2019-06-11 00:00:00,14.98,14.98,13.48,14.49,0
2019-06-12 00:00:00,14.49,14.71,13.31,14.12,0
2019-06-13 00:00:00,14.12,14.29,13.28,13.66,0
2019-06-14 00:00:00,13.66,14.12,12.64,13.9,0
2019-06-17 00:00:00,13.9,14.96,13.52,14.65,0
2019-06-18 00:00:00,14.65,14.97,11.74,14.6,0
2019-06-19 00:00:00,14.6,15.3,10.79,14.73,0
2019-06-20 00:00:00,14.73,15.19,12.84,14.0,0
2019-06-21 00:00:00,14.0,14.83,10.6,14.61,0
2019-06-24 00:00:00,14.61,15.67,11.86,15.22,0
2019-06-25 00:00:00,15.22,15.59,14.93,15.01,0
2019-06-26 00:00:00,15.01,15.2,14.39,14.75,0
2019-06-27 00:00:00,14.75,14.89,13.65,14.65,0
2019-06-28 00:00:00,14.65,15.07,14.0,14.95,0
2019-07-01 00:00:00,14.95,15.02,14.47,14.6,0
2019-07-03 00:00:00,14.25,14.32,13.52,13.7,0
2019-07-04 00:00:00,13.7,13.7,13.01,13.53,0
2019-07-05 00:00:00,13.53,13.97,12.67,13.07,0
2019-07-08 00:00:00,13.07,14.04,12.11,13.85,0
2019-07-09 00:00:00,13.85,14.22,13.35,13.69,0
2019-07-10 00:00:00,13.69,13.96,12.4,13.64,0
2019-07-11 00:00:00,13.64,13.64,12.18,12.47,0
2019-07-12 00:00:00,12.47,12.55,11.55,12.0,0
2019-07-15 00:00:00,12.0,12.52,10.64,12.02,0
2019-07-16 00:00:00,12.02,12.02,11.06,11.56,0
2019-07-17 00:00:00,11.56,11.91,9.16,11.8,0
2019-07-18 00:00:00,11.8,11.98,9.22,11.75,0
2019-07-19 00:00:00,11.75,12.68,10.59,12.52,0
2019-07-22 00:00:00,12.52,13.4,11.56,13.01,0
2019-07-23 00:00:00,13.01,13.78,11.59,13.43,0
2019-07-24 00:00:00,13.43,14.48,11.85,12.76,0
2019-07-25 00:00:00,12.76,13.55,12.0,12.64,0
2019-07-26 00:00:00,12.64,13.31,11.92,12.13,0
2019-07-29 00:00:00,12.13,13.53,12.04,13.06,0
2019-07-30 00:00:00,13.06,13.87,12.5,13.61,0
2019-07-31 00:00:00,13.61,14.55,13.42,13.59,0
2019-08-01 00:00:00,13.59,15.28,13.27,14.56,0
2019-08-02 00:00:00,14.56,16.16,14.44,15.19,0
2019-08-05 00:00:00,15.19,17.82,15.19,16.59,0
2019-08-06 00:00:00,16.59,16.79,15.59,16.12,0
2019-08-07 00:00:00,16.12,16.91,15.74,16.74,0
2019-08-08 00:00:00,16.74,16.74,15.52,16.09,0
2019-08-09 00:00:00,16.09,16.16,15.03,15.85,0
2019-08-13 00:00:00,15.85,18.01,15.12,17.78,0
2019-08-14 00:00:00,17.78,17.78,16.11,16.36,0
2019-08-16 00:00:00,16.36,17.43,15.99,16.65,0
2019-08-19 00:00:00,16.65,17.02,14.71,16.75,0
2019-08-20 00:00:00,16.75,17.1,15.11,16.63,0
2019-08-21 00:00:00,16.63,17.33,14.0,17.02,0
2019-08-22 00:00:00,17.02,18.12,14.49,17.85,0
2019-08-23 00:00:00,17.85,18.26,13.7,17.35,0
2019-08-26 00:00:00,17.35,19.15,13.7,16.66,0
2019-08-27 00:00:00,16.66,16.83,14.42,16.01,0
2019-08-28 00:00:00,16.01,17.38,14.12,16.84,0
2019-08-29 00:00:00,16.84,17.45,13.87,16.43,0
2019-08-30 00:00:00,16.43,17.38,15.19,16.28,0
2019-09-03 00:00:00,16.28,18.27,16.28,18.06,0
2019-09-04 00:00:00,18.06,18.31,17.13,17.24,0
2019-09-05 00:00:00,17.24,17.7,16.06,17.27,0
2019-09-06 00:00:00,17.27,17.27,15.89,16.28,0
2019-09-09 00:00:00,16.27,16.64,13.67,15.85,0
2019-09-11 00:00:00,15.85,15.85,14.65,15.37,0
2019-09-12 00:00:00,15.37,15.37,14.61,14.9,0
2019-09-13 00:00:00,14.9,15.2,13.89,14.12,0
2019-09-16 00:00:00,14.12,15.31,14.12,14.95,0
2019-09-17 00:00:00,14.95,16.31,13.28,16.02,0
2019-09-18 00:00:00,16.02,16.19,13.91,15.35,0
2019-09-19 00:00:00,15.35,15.97,14.18,15.55,0
2019-09-20 00:00:00,15.55,17.05,13.83,15.4,0
2019-09-23 00:00:00,15.4,17.64,14.21,16.79,0
2019-09-24 00:00:00,16.79,18.53,15.9,16.73,0
2019-09-25 00:00:00,16.73,17.42,14.1,16.17,0
2019-09-26 00:00:00,16.17,17.01,13.64,16.34,0
2019-09-27 00:00:00,16.34,16.82,15.93,16.12,0
2019-09-30 00:00:00,16.11,16.51,15.8,15.87,0
2019-10-01 00:00:00,15.87,18.22,14.95,16.76,0
2019-10-03 00:00:00,16.76,18.05,16.42,17.7,0
2019-10-04 00:00:00,17.7,17.95,16.35,17.58,0
2019-10-07 00:00:00,17.58,18.43,16.99,17.83,0
2019-10-09 00:00:00,17.83,18.33,16.34,17.16,0
2019-10-10 00:00:00,17.16,17.54,15.73,17.23,0
2019-10-11 00:00:00,17.23,18.28,15.78,17.14,0
2019-10-14 00:00:00,17.14,17.96,17.06,17.43,0
2019-10-15 00:00:00,17.43,17.43,16.69,16.85,0
2019-10-16 00:00:00,16.85,16.95,15.5,16.36,0
2019-10-17 00:00:00,16.36,16.36,15.52,15.88,0
2019-10-18 00:00:00,15.88,16.15,14.99,15.93,0
2019-10-22 00:00:00,15.93,17.12,13.57,16.81,0
2019-10-23 00:00:00,16.81,16.85,14.83,16.54,0
2019-10-24 00:00:00,16.54,16.78,14.71,16.24,0
2019-10-25 00:00:00,16.24,16.24,15.2,15.32,0
2019-10-27 00:00:00,16.24,16.24,13.98,15.59,0
2019-10-29 00:00:00,15.59,16.55,15.5,16.42,0
2019-10-30 00:00:00,16.42,16.85,16.25,16.66,0
2019-10-31 00:00:00,16.66,16.8,15.5,16.28,0
2019-11-01 00:00:00,16.28,16.47,15.17,15.73,0
2019-11-04 00:00:00,15.73,16.36,13.5,15.93,0
2019-11-05 00:00:00,15.93,16.34,13.51,15.92,0
2019-11-06 00:00:00,15.92,16.15,13.38,15.78,0
2019-11-07 00:00:00,15.78,15.92,13.53,15.21,0
2019-11-08 00:00:00,15.21,15.99,13.71,15.86,0
2019-11-11 00:00:00,15.86,16.77,15.2,16.25,0
2019-11-13 00:00:00,16.25,16.67,14.47,16.46,0
2019-11-14 00:00:00,16.46,16.46,14.09,15.65,0
2019-11-15 00:00:00,15.65,15.65,12.52,15.03,0
2019-11-18 00:00:00,15.03,16.07,12.67,15.76,0
2019-11-19 00:00:00,15.76,15.76,12.61,15.41,0
2019-11-20 00:00:00,15.41,15.41,11.61,15.16,0
2019-11-21 00:00:00,15.16,15.6,12.61,14.98,0
2019-11-22 00:00:00,14.98,15.88,12.24,14.87,0
2019-11-25 00:00:00,14.87,15.21,13.0,15.0,0
2019-11-26 00:00:00,15.0,15.13,13.11,14.84,0
2019-11-27 00:00:00,14.84,14.84,12.36,14.62,0
2019-11-28 00:00:00,14.62,14.62,12.89,13.99,0
2019-11-29 00:00:00,13.99,14.29,13.14,13.9,0
2019-12-02 00:00:00,13.9,15.85,13.5,14.2,0
2019-12-03 00:00:00,14.2,16.34,12.07,14.56,0
2019-12-04 00:00:00,14.56,15.87,12.26,13.32,0
2019-12-05 00:00:00,13.32,15.12,12.83,14.31,0
2019-12-06 00:00:00,14.31,14.72,11.41,13.64,0
2019-12-09 00:00:00,13.64,15.36,12.47,14.6,0
2019-12-10 00:00:00,14.6,15.66,11.74,14.29,0
2019-12-11 00:00:00,14.29,14.45,11.71,13.38,0
2019-12-12 00:00:00,13.38,13.77,11.83,13.35,0
2019-12-13 00:00:00,13.35,14.67,12.19,13.3,0
2019-12-16 00:00:00,13.3,14.11,12.5,13.42,0
2019-12-17 00:00:00,13.42,13.43,11.96,12.52,0
2019-12-18 00:00:00,12.52,12.72,11.39,12.34,0
2019-12-19 00:00:00,12.34,12.42,11.33,12.12,0
2019-12-20 00:00:00,12.12,12.73,11.9,12.33,0
2019-12-23 00:00:00,12.33,14.51,10.7,11.96,0
2019-12-24 00:00:00,11.96,13.31,10.89,11.63,0
2019-12-26 00:00:00,11.63,12.35,10.84,11.12,0
2019-12-27 00:00:00,11.12,11.47,10.43,10.53,0
2019-12-30 00:00:00,10.53,11.45,9.62,11.01,0
2019-12-31 00:00:00,11.01,11.79,10.44,11.67,0
2020-01-01 00:00:00,11.67,11.73,11.09,11.6,0
2020-01-02 00:00:00,11.6,11.7,10.73,11.49,0
2020-01-03 00:00:00,11.49,12.94,10.69,12.7,0
2020-01-06 00:00:00,12.7,15.1,12.7,14.78,0
2020-01-07 00:00:00,14.78,14.91,14.46,14.61,0
2020-01-08 00:00:00,14.61,16.39,13.79,15.64,0
2020-01-09 00:00:00,15.64,15.64,13.0,14.0,0
2020-01-10 00:00:00,14.0,14.25,13.18,14.08,0
2020-01-13 00:00:00,14.08,14.5,13.58,14.28,0
2020-01-14 00:00:00,14.28,14.28,13.06,13.91,0
2020-01-15 00:00:00,13.91,14.46,13.59,14.12,0
2020-01-16 00:00:00,14.12,14.37,12.6,14.18,0
2020-01-17 00:00:00,14.18,14.53,12.5,14.13,0
2020-01-20 00:00:00,14.13,15.5,12.47,15.41,0
2020-01-21 00:00:00,15.41,16.04,15.07,15.86,0
2020-01-22 00:00:00,15.86,16.61,15.36,16.36,0
2020-01-23 00:00:00,16.36,16.71,15.78,15.86,0
2020-01-24 00:00:00,15.86,16.22,14.59,15.56,0
2020-01-27 00:00:00,15.56,17.34,14.68,17.18,0
2020-01-28 00:00:00,17.18,17.61,16.96,17.3,0
2020-01-29 00:00:00,17.3,17.3,15.65,16.5,0
2020-01-30 00:00:00,16.5,17.14,15.38,16.8,0
2020-01-31 00:00:00,16.8,17.59,14.9,17.37,0
2020-02-01 00:00:00,17.37,17.93,16.03,16.84,0
2020-02-03 00:00:00,16.84,17.03,15.48,15.78,0
2020-02-04 00:00:00,15.78,15.78,14.31,14.38,0
2020-02-05 00:00:00,14.38,14.53,13.82,14.17,0
2020-02-06 00:00:00,14.17,14.24,12.65,13.78,0
2020-02-07 00:00:00,13.78,13.99,12.98,13.75,0
2020-02-10 00:00:00,13.75,14.6,12.97,14.21,0
2020-02-11 00:00:00,14.21,14.21,11.38,13.88,0
2020-02-12 00:00:00,13.88,13.88,13.15,13.62,0
2020-02-13 00:00:00,13.62,13.67,11.8,13.37,0
2020-02-14 00:00:00,13.37,13.99,11.9,13.62,0
2020-02-17 00:00:00,13.62,14.62,13.38,14.42,0
2020-02-18 00:00:00,14.42,14.82,11.38,14.51,0
2020-02-19 00:00:00,14.51,14.51,13.48,14.02,0
2020-02-20 00:00:00,14.02,14.03,10.16,13.7,0
2020-02-24 00:00:00,13.7,17.38,12.3,17.0,0
2020-02-25 00:00:00,17.0,17.32,15.62,16.9,0
2020-02-26 00:00:00,16.9,18.86,16.5,18.26,0
2020-02-27 00:00:00,18.26,19.16,16.83,17.77,0
2020-02-28 00:00:00,17.77,23.7,17.48,23.24,0
2020-03-02 00:00:00,23.24,26.34,19.92,25.2,0
2020-03-03 00:00:00,25.2,26.49,21.54,24.54,0
2020-03-04 00:00:00,24.54,26.29,22.43,24.23,0
2020-03-05 00:00:00,24.23,24.23,22.13,23.25,0
2020-03-06 00:00:00,23.25,27.55,23.25,25.64,0
2020-03-09 00:00:00,25.64,34.35,21.43,30.8,0
2020-03-11 00:00:00,30.8,33.24,29.65,31.56,0
2020-03-12 00:00:00,31.56,42.33,29.81,41.16,0
2020-03-13 00:00:00,41.16,59.48,41.16,51.47,0
2020-03-16 00:00:00,51.47,59.87,51.47,58.88,0
2020-03-17 00:00:00,58.88,63.44,57.25,62.93,0
2020-03-18 00:00:00,62.93,64.58,61.15,63.96,0
2020-03-19 00:00:00,63.96,73.34,63.1,72.2,0
2020-03-20 00:00:00,72.2,72.97,65.38,67.1,0
2020-03-23 00:00:00,67.1,73.37,66.32,71.99,0
2020-03-24 00:00:00,71.99,86.64,71.99,83.61,0
2020-03-25 00:00:00,83.61,84.6,75.97,77.63,0
2020-03-26 00:00:00,77.63,79.41,70.68,71.53,0
2020-03-27 00:00:00,71.53,73.03,65.63,70.39,0
2020-03-30 00:00:00,70.39,73.36,70.28,71.89,0
2020-03-31 00:00:00,71.89,71.89,63.61,64.41,0
2020-04-01 00:00:00,64.41,64.41,59.78,60.05,0
2020-04-03 00:00:00,60.05,60.59,54.9,55.3,0
2020-04-07 00:00:00,55.3,55.3,49.94,51.8,0
2020-04-08 00:00:00,51.8,53.73,46.98,52.24,0
2020-04-09 00:00:00,52.24,52.24,46.9,49.75,0
2020-04-13 00:00:00,49.75,52.49,43.64,51.46,0
2020-04-15 00:00:00,51.46,51.46,44.65,49.74,0
2020-04-16 00:00:00,49.74,49.74,42.26,46.1,0
2020-04-17 00:00:00,46.1,46.1,40.31,42.59,0
2020-04-20 00:00:00,42.59,44.04,40.3,43.46,0
2020-04-21 00:00:00,43.46,45.96,36.22,45.2,0
2020-04-22 00:00:00,45.2,45.43,40.47,42.82,0
2020-04-23 00:00:00,42.82,42.82,37.0,39.23,0
2020-04-24 00:00:00,39.23,39.95,34.98,39.12,0
2020-04-27 00:00:00,39.12,40.17,35.21,38.04,0
2020-04-28 00:00:00,38.04,41.91,35.07,35.36,0
2020-04-29 00:00:00,35.35,35.35,31.48,33.84,0
2020-04-30 00:00:00,33.84,34.25,32.53,33.99,0
2020-05-04 00:00:00,33.99,43.92,33.99,43.67,0
2020-05-05 00:00:00,43.67,43.87,38.15,43.61,0
2020-05-06 00:00:00,43.61,43.63,40.2,41.25,0
2020-05-07 00:00:00,41.25,41.72,39.66,39.93,0
2020-05-08 00:00:00,39.93,39.93,36.55,38.41,0
2020-05-11 00:00:00,38.41,38.49,36.95,38.04,0
2020-05-12 00:00:00,38.04,38.81,35.24,38.21,0
2020-05-13 00:00:00,38.21,39.05,33.44,38.84,0
2020-05-14 00:00:00,38.84,38.84,35.8,38.18,0
2020-05-15 00:00:00,38.18,38.46,34.06,38.02,0
2020-05-18 00:00:00,38.02,41.25,27.94,40.92,0
2020-05-19 00:00:00,40.92,40.92,37.95,39.45,0
2020-05-20 00:00:00,39.45,39.45,34.1,35.81,0
2020-05-21 00:00:00,35.81,35.81,32.58,32.99,0
2020-05-22 00:00:00,32.99,34.36,26.34,32.38,0
2020-05-26 00:00:00,32.38,33.21,30.97,31.47,0
2020-05-27 00:00:00,31.47,32.02,28.86,31.27,0
2020-05-28 00:00:00,31.27,31.27,29.2,30.02,0
2020-05-29 00:00:00,30.02,30.57,27.41,30.22,0
2020-06-01 00:00:00,30.22,32.17,28.83,30.74,0
2020-06-02 00:00:00,30.74,30.92,27.9,30.12,0
2020-06-03 00:00:00,30.12,30.4,29.34,30.04,0
2020-06-04 00:00:00,30.04,30.27,28.45,29.69,0
2020-06-05 00:00:00,29.69,29.69,25.92,28.68,0
2020-06-08 00:00:00,28.68,30.15,27.8,29.65,0
2020-06-09 00:00:00,29.65,30.34,27.24,30.21,0
2020-06-10 00:00:00,30.21,30.21,28.73,29.44,0
2020-06-11 00:00:00,29.44,30.42,28.39,29.66,0
2020-06-12 00:00:00,29.66,32.88,29.66,30.82,0
2020-06-15 00:00:00,30.82,33.78,29.92,32.58,0
2020-06-16 00:00:00,32.58,35.31,30.41,32.97,0
2020-06-17 00:00:00,32.97,34.02,29.05,33.36,0
2020-06-18 00:00:00,33.35,33.42,31.22,31.46,0
2020-06-19 00:00:00,31.46,31.91,29.68,29.97,0
2020-06-22 00:00:00,29.97,30.98,29.97,30.46,0
2020-06-23 00:00:00,30.46,31.15,29.24,29.34,0
2020-06-24 00:00:00,29.34,30.53,27.79,29.58,0
2020-06-25 00:00:00,29.58,31.29,29.06,29.73,0
2020-06-26 00:00:00,29.73,30.07,28.32,28.74,0
2020-06-29 00:00:00,28.74,30.45,27.98,28.91,0
2020-06-30 00:00:00,28.91,29.63,28.41,29.12,0
2020-07-01 00:00:00,29.12,29.16,27.94,28.12,0
2020-07-02 00:00:00,28.12,28.12,26.32,26.51,0
2020-07-03 00:00:00,26.51,26.78,25.63,25.77,0
2020-07-06 00:00:00,25.77,26.18,24.54,25.2,0
2020-07-07 00:00:00,25.2,25.65,24.24,25.1,0
2020-07-08 00:00:00,25.1,26.36,25.03,26.1,0
2020-07-09 00:00:00,26.1,27.66,24.74,24.91,0
2020-07-10 00:00:00,24.91,25.48,23.49,24.94,0
2020-07-13 00:00:00,24.94,25.91,22.81,25.25,0
2020-07-14 00:00:00,25.25,27.27,25.25,26.64,0
2020-07-15 00:00:00,26.64,26.64,23.74,26.29,0
2020-07-16 00:00:00,26.29,26.6,25.25,25.36,0
2020-07-17 00:00:00,25.36,25.5,23.77,24.16,0
2020-07-20 00:00:00,24.16,25.12,24.16,24.71,0
2020-07-21 00:00:00,24.71,24.71,23.73,24.43,0
2020-07-22 00:00:00,24.43,25.8,23.73,24.89,0
2020-07-23 00:00:00,24.89,24.94,24.01,24.64,0
2020-07-24 00:00:00,24.64,25.3,22.74,24.54,0
2020-07-27 00:00:00,24.54,25.72,23.29,25.02,0
2020-07-28 00:00:00,25.02,25.22,23.55,23.64,0
2020-07-29 00:00:00,23.64,24.5,23.64,24.11,0
2020-07-30 00:00:00,24.11,25.14,22.09,24.73,0
2020-07-31 00:00:00,24.73,25.37,23.97,24.19,0
2020-08-03 00:00:00,24.19,25.69,23.26,25.19,0
2020-08-04 00:00:00,25.19,25.19,23.56,23.82,0
2020-08-05 00:00:00,23.82,23.93,21.83,23.57,0
2020-08-06 00:00:00,23.57,23.71,22.53,23.15,0
2020-08-07 00:00:00,23.15,23.31,21.76,22.58,0
2020-08-10 00:00:00,22.58,23.02,21.45,22.51,0
2020-08-11 00:00:00,22.51,22.51,20.22,21.36,0
2020-08-12 00:00:00,21.36,21.92,16.85,20.85,0
2020-08-13 00:00:00,20.85,21.19,19.46,20.57,0
2020-08-14 00:00:00,20.57,22.97,16.34,21.67,0
2020-08-17 00:00:00,21.67,22.88,19.56,21.31,0
2020-08-18 00:00:00,21.31,21.31,18.25,20.43,0
2020-08-19 00:00:00,20.43,20.43,17.84,19.96,0
2020-08-20 00:00:00,19.96,21.08,17.66,20.62,0
2020-08-21 00:00:00,20.62,20.62,14.89,19.94,0
2020-08-24 00:00:00,19.94,20.07,17.89,19.23,0
2020-08-25 00:00:00,19.23,19.81,15.42,19.32,0
2020-08-26 00:00:00,19.32,19.59,17.22,19.3,0
2020-08-27 00:00:00,19.3,19.47,17.45,18.9,0
2020-08-28 00:00:00,18.9,18.9,16.66,18.35,0
2020-08-31 00:00:00,18.35,23.87,16.4,22.84,0
2020-09-01 00:00:00,22.84,23.24,21.11,21.8,0
2020-09-02 00:00:00,21.8,22.5,19.85,21.11,0
2020-09-03 00:00:00,21.11,21.11,18.16,20.5,0
2020-09-04 00:00:00,20.5,22.65,19.86,22.15,0
2020-09-07 00:00:00,22.15,23.25,17.25,22.01,0
2020-09-08 00:00:00,22.01,23.07,17.57,22.72,0
2020-09-09 00:00:00,22.72,23.27,20.2,22.23,0
2020-09-10 00:00:00,22.23,22.23,17.7,21.26,0
2020-09-11 00:00:00,21.26,21.35,18.17,20.71,0
2020-09-14 00:00:00,20.71,21.74,17.53,21.19,0
2020-09-15 00:00:00,21.19,21.19,18.9,20.6,0
2020-09-16 00:00:00,20.6,20.6,16.33,19.66,0
2020-09-17 00:00:00,19.66,20.68,17.55,20.1,0
2020-09-18 00:00:00,20.1,20.77,17.58,20.05,0
2020-09-21 00:00:00,20.05,22.99,18.27,22.19,0
2020-09-22 00:00:00,22.19,23.28,15.76,21.41,0
2020-09-23 00:00:00,21.41,22.48,19.37,20.99,0
2020-09-24 00:00:00,20.99,23.82,20.93,23.51,0
2020-09-25 00:00:00,23.51,23.51,18.67,20.68,0
2020-09-28 00:00:00,20.68,21.1,19.35,19.57,0
2020-09-29 00:00:00,19.57,20.2,18.43,19.78,0
2020-09-30 00:00:00,19.77,20.22,17.68,19.53,0
2020-10-01 00:00:00,19.53,19.53,17.38,18.35,0
2020-10-05 00:00:00,18.35,20.02,18.35,19.71,0
2020-10-06 00:00:00,19.7,19.89,18.36,19.64,0
2020-10-07 00:00:00,19.64,20.34,19.07,20.06,0
2020-10-08 00:00:00,20.06,20.86,18.98,20.38,0
2020-10-09 00:00:00,20.38,21.01,17.51,20.38,0
2020-10-12 00:00:00,20.38,22.1,19.39,21.13,0
2020-10-13 00:00:00,21.13,21.65,20.53,20.72,0
2020-10-14 00:00:00,20.72,20.96,18.43,20.21,0
2020-10-15 00:00:00,20.21,22.28,19.04,22.06,0
2020-10-16 00:00:00,22.06,22.42,20.49,21.65,0
2020-10-19 00:00:00,21.65,22.32,15.47,21.82,0
2020-10-20 00:00:00,21.82,22.79,18.79,22.69,0
2020-10-21 00:00:00,22.69,23.55,18.38,22.92,0
2020-10-22 00:00:00,22.92,23.52,17.44,22.64,0
2020-10-23 00:00:00,22.64,22.78,19.83,21.83,0
2020-10-26 00:00:00,21.83,23.41,21.32,22.83,0
2020-10-27 00:00:00,22.83,23.17,22.12,22.2,0
2020-10-28 00:00:00,22.2,23.47,20.08,23.28,0
2020-10-29 00:00:00,23.28,24.36,22.28,24.02,0
2020-10-30 00:00:00,24.02,26.3,21.73,24.75,0
2020-11-02 00:00:00,24.75,25.92,24.22,25.21,0
2020-11-03 00:00:00,25.21,25.33,22.92,24.24,0
2020-11-04 00:00:00,24.24,24.24,20.67,23.2,0
2020-11-05 00:00:00,23.2,23.2,19.99,20.97,0
2020-11-06 00:00:00,20.97,20.97,19.28,20.5,0
2020-11-09 00:00:00,20.5,21.05,17.58,20.11,0
2020-11-10 00:00:00,20.11,21.85,19.9,21.58,0
2020-11-11 00:00:00,21.58,22.38,19.0,22.03,0
2020-11-12 00:00:00,22.03,22.03,19.79,20.62,0
2020-11-13 00:00:00,20.62,29.53,19.56,19.7,0
2020-11-14 00:00:00,19.7,19.7,16.18,19.13,0
2020-11-17 00:00:00,19.13,20.41,18.4,19.8,0
2020-11-18 00:00:00,19.8,19.8,15.72,19.12,0
2020-11-19 00:00:00,19.12,19.98,16.33,19.57,0
2020-11-20 00:00:00,19.57,19.81,17.0,19.62,0
2020-11-23 00:00:00,19.62,20.86,16.91,20.8,0
2020-11-24 00:00:00,20.8,22.0,20.02,21.06,0
2020-11-25 00:00:00,21.06,23.5,20.68,23.13,0
2020-11-26 00:00:00,23.13,23.13,19.44,20.02,0
2020-11-27 00:00:00,20.02,21.28,17.63,19.82,0
2020-12-01 00:00:00,19.82,21.24,19.25,20.18,0
2020-12-02 00:00:00,20.18,20.55,17.96,19.91,0
2020-12-03 00:00:00,19.91,19.91,17.72,19.0,0
2020-12-04 00:00:00,19.0,19.04,16.53,18.03,0
2020-12-07 00:00:00,18.03,18.32,16.95,18.03,0
2020-12-08 00:00:00,18.02,18.8,16.27,18.62,0
2020-12-09 00:00:00,18.62,19.63,16.22,18.92,0
2020-12-10 00:00:00,18.92,19.39,17.42,18.71,0
2020-12-11 00:00:00,18.71,19.29,17.36,18.79,0
2020-12-14 00:00:00,18.79,19.64,15.33,19.4,0
2020-12-15 00:00:00,19.4,19.83,15.69,19.35,0
2020-12-16 00:00:00,19.35,19.4,18.61,19.2,0
2020-12-17 00:00:00,19.2,21.62,14.05,19.16,0
2020-12-18 00:00:00,19.16,19.49,14.56,18.62,0
2020-12-21 00:00:00,18.62,23.68,18.62,23.19,0
2020-12-22 00:00:00,23.19,24.48,16.59,21.99,0
2020-12-23 00:00:00,21.99,22.08,19.4,20.5,0
2020-12-24 00:00:00,20.5,20.95,15.65,19.97,0
2020-12-28 00:00:00,19.97,21.02,18.6,20.43,0
2020-12-29 00:00:00,20.43,21.21,17.63,20.79,0
2020-12-30 00:00:00,20.79,21.59,20.79,21.11,0
2020-12-31 00:00:00,21.11,21.51,19.19,21.1,0
2021-01-01 00:00:00,21.1,21.33,19.26,19.56,0
2021-01-04 00:00:00,19.56,21.03,19.34,20.03,0
2021-01-05 00:00:00,20.03,21.01,20.03,20.46,0
2021-01-06 00:00:00,20.46,21.63,20.43,21.0,0
2021-01-07 00:00:00,21.0,21.0,20.14,20.62,0
2021-01-08 00:00:00,20.62,20.85,17.38,20.64,0
2021-01-11 00:00:00,20.64,22.75,20.64,22.38,0
2021-01-12 00:00:00,22.38,23.26,22.29,22.85,0
2021-01-13 00:00:00,22.85,24.05,22.37,23.29,0
2021-01-14 00:00:00,23.29,23.7,22.81,23.03,0
2021-01-15 00:00:00,23.03,24.68,23.03,24.01,0
2021-01-18 00:00:00,24.01,25.41,23.57,24.4,0
2021-01-19 00:00:00,24.4,24.4,20.36,22.9,0
2021-01-20 00:00:00,22.9,23.19,19.33,21.55,0
2021-01-21 00:00:00,21.55,22.78,18.62,22.18,0
2021-01-22 00:00:00,22.18,23.04,18.73,22.42,0
2021-01-25 00:00:00,22.42,23.81,20.34,23.25,0
2021-01-27 00:00:00,23.25,24.75,20.83,24.39,0
2021-01-28 00:00:00,24.39,25.3,23.44,24.29,0
2021-01-29 00:00:00,24.29,25.99,22.08,25.34,0
2021-02-01 00:00:00,25.34,25.93,22.6,23.32,0
2021-02-02 00:00:00,23.32,23.61,21.0,23.35,0
2021-02-03 00:00:00,23.35,24.2,20.95,23.75,0
2021-02-04 00:00:00,23.75,23.93,22.09,23.12,0
2021-02-05 00:00:00,23.12,23.94,20.08,23.42,0
2021-02-08 00:00:00,23.42,24.35,22.18,23.96,0
2021-02-09 00:00:00,23.96,24.47,21.43,24.27,0
2021-02-10 00:00:00,24.27,24.96,20.91,23.95,0
2021-02-11 00:00:00,23.95,24.22,21.02,23.05,0
2021-02-12 00:00:00,23.04,23.06,20.89,22.04,0
2021-02-15 00:00:00,22.04,22.39,20.82,21.48,0
2021-02-16 00:00:00,21.48,22.12,20.54,21.78,0
2021-02-17 00:00:00,21.78,21.88,21.1,21.51,0
2021-02-18 00:00:00,21.51,22.09,19.96,21.54,0
2021-02-19 00:00:00,21.54,22.87,19.35,22.25,0
2021-02-22 00:00:00,22.25,25.82,20.02,25.47,0
2021-02-23 00:00:00,25.47,25.64,23.86,25.23,0
2021-02-24 00:00:00,25.23,25.23,23.48,24.17,0
2021-02-25 00:00:00,24.17,24.17,22.63,22.89,0
2021-02-26 00:00:00,22.89,29.65,22.89,28.14,0
2021-03-01 00:00:00,28.14,28.14,24.95,25.63,0
2021-03-02 00:00:00,25.63,25.63,23.21,23.61,0
2021-03-03 00:00:00,23.61,23.61,21.82,22.09,0
2021-03-04 00:00:00,22.09,24.58,22.09,24.15,0
2021-03-05 00:00:00,24.15,26.41,22.86,25.56,0
2021-03-08 00:00:00,25.56,25.65,21.2,24.68,0
2021-03-09 00:00:00,24.68,24.68,21.44,22.5,0
2021-03-10 00:00:00,22.5,22.5,19.32,20.75,0
2021-03-12 00:00:00,20.75,22.67,18.54,21.71,0
2021-03-15 00:00:00,21.71,22.93,21.0,21.23,0
2021-03-16 00:00:00,21.23,21.23,18.06,20.19,0
2021-03-17 00:00:00,20.19,20.42,18.62,20.16,0
2021-03-18 00:00:00,20.16,20.95,16.68,20.08,0
2021-03-19 00:00:00,20.08,21.87,18.73,19.99,0
2021-03-22 00:00:00,19.99,21.23,18.97,20.49,0
2021-03-23 00:00:00,20.49,22.14,20.49,20.67,0
2021-03-24 00:00:00,20.67,22.69,19.75,22.46,0
2021-03-25 00:00:00,22.46,23.31,21.12,22.7,0
2021-03-26 00:00:00,22.7,22.92,18.23,20.65,0
2021-03-30 00:00:00,20.65,20.65,19.57,20.49,0
2021-03-31 00:00:00,20.49,20.83,20.0,20.65,0
2021-04-01 00:00:00,20.65,20.68,19.73,19.99,0
2021-04-05 00:00:00,19.99,23.31,19.99,21.22,0
2021-04-06 00:00:00,21.22,22.24,19.81,20.84,0
2021-04-07 00:00:00,20.84,21.3,19.43,20.25,0
2021-04-08 00:00:00,20.25,20.59,19.17,20.31,0
2021-04-09 00:00:00,20.31,20.97,19.68,19.79,0
2021-04-12 00:00:00,19.79,23.3,19.79,23.0,0
2021-04-13 00:00:00,23.0,23.0,20.3,20.46,0
2021-04-15 00:00:00,20.46,21.55,18.25,20.89,0
2021-04-16 00:00:00,20.89,21.09,19.48,20.4,0
2021-04-19 00:00:00,20.4,23.11,19.81,22.49,0
2021-04-20 00:00:00,22.49,22.75,21.24,22.43,0
2021-04-22 00:00:00,22.43,23.61,22.43,23.03,0
2021-04-23 00:00:00,23.03,23.05,20.21,22.69,0
2021-04-26 00:00:00,22.69,23.56,22.62,23.5,0
2021-04-27 00:00:00,23.5,23.63,22.32,23.08,0
2021-04-28 00:00:00,23.08,23.11,20.97,22.58,0
2021-04-29 00:00:00,22.58,23.42,22.11,23.31,0
2021-04-30 00:00:00,23.31,23.77,22.6,23.03,0
2021-05-03 00:00:00,23.03,24.54,21.84,23.69,0
2021-05-04 00:00:00,23.69,23.69,22.18,23.01,0
2021-05-05 00:00:00,23.01,23.19,21.14,21.96,0
2021-05-06 00:00:00,21.96,22.61,20.12,22.04,0
2021-05-07 00:00:00,22.04,22.04,20.31,20.82,0
2021-05-10 00:00:00,20.82,21.15,20.14,20.23,0
2021-05-11 00:00:00,20.23,21.12,19.72,19.83,0
2021-05-12 00:00:00,19.83,20.91,18.36,20.08,0
2021-05-14 00:00:00,20.08,21.15,18.23,20.27,0
2021-05-17 00:00:00,20.27,20.43,18.36,19.61,0
2021-05-18 00:00:00,19.61,19.61,18.31,19.24,0
2021-05-19 00:00:00,19.24,19.57,17.23,19.32,0
2021-05-20 00:00:00,19.32,19.84,18.09,19.65,0
2021-05-21 00:00:00,19.65,19.65,17.13,19.08,0
2021-05-24 00:00:00,19.08,19.89,18.72,19.13,0
2021-05-25 00:00:00,19.13,21.05,17.69,18.84,0
2021-05-26 00:00:00,18.84,21.3,17.23,20.87,0
2021-05-27 00:00:00,20.87,21.32,18.35,19.91,0
2021-05-28 00:00:00,19.91,19.91,17.36,17.4,0
2021-05-31 00:00:00,17.4,17.99,16.43,16.89,0
2021-06-01 00:00:00,16.89,17.96,15.31,17.39,0
2021-06-02 00:00:00,17.39,17.65,15.17,17.21,0
2021-06-03 00:00:00,17.21,17.21,14.15,15.75,0
2021-06-04 00:00:00,15.75,16.38,14.94,15.94,0
2021-06-07 00:00:00,15.94,15.94,14.74,15.57,0
2021-06-08 00:00:00,15.57,15.6,13.57,15.23,0
2021-06-09 00:00:00,15.23,15.74,11.95,14.75,0
2021-06-10 00:00:00,14.75,15.2,14.18,15.0,0
2021-06-11 00:00:00,15.0,15.0,13.94,14.1,0
2021-06-14 00:00:00,14.1,15.31,13.74,14.72,0
2021-06-15 00:00:00,14.72,15.16,13.28,14.61,0
2021-06-16 00:00:00,14.61,15.32,13.62,14.87,0
2021-06-17 00:00:00,14.87,16.05,14.53,15.29,0
2021-06-18 00:00:00,15.29,16.62,10.6,14.8,0
2021-06-21 00:00:00,14.8,16.46,14.38,15.06,0
2021-06-22 00:00:00,15.06,15.11,14.43,14.74,0
2021-06-23 00:00:00,14.74,15.54,13.63,15.37,0
2021-06-24 00:00:00,15.37,15.64,14.93,15.1,0
2021-06-25 00:00:00,15.1,15.27,13.28,13.37,0
2021-06-28 00:00:00,13.37,13.77,13.12,13.4,0
2021-06-29 00:00:00,13.4,13.4,12.9,13.0,0
2021-06-30 00:00:00,13.0,13.14,12.6,13.05,0
2021-07-01 00:00:00,13.05,13.28,12.33,12.84,0
2021-07-02 00:00:00,12.84,13.02,12.02,12.09,0
2021-07-05 00:00:00,12.09,12.62,11.99,12.07,0
2021-07-06 00:00:00,12.07,12.36,11.29,12.28,0
2021-07-07 00:00:00,12.28,12.59,11.15,12.21,0
2021-07-08 00:00:00,12.21,14.01,12.06,13.56,0
2021-07-09 00:00:00,13.56,14.0,12.18,12.94,0
2021-07-12 00:00:00,12.94,13.61,11.81,12.99,0
2021-07-13 00:00:00,12.99,12.99,10.67,12.62,0
2021-07-14 00:00:00,12.62,12.96,10.49,12.59,0
2021-07-15 00:00:00,12.59,12.95,11.08,12.27,0
2021-07-16 00:00:00,12.27,12.37,11.63,11.71,0
2021-07-19 00:00:00,11.71,13.2,11.71,12.68,0
2021-07-20 00:00:00,12.68,14.09,11.79,13.21,0
2021-07-22 00:00:00,13.21,13.21,11.72,11.89,0
2021-07-23 00:00:00,11.89,12.12,11.57,11.76,0
2021-07-26 00:00:00,11.76,12.54,10.4,12.45,0
2021-07-27 00:00:00,12.45,13.53,12.1,13.23,0
2021-07-28 00:00:00,13.23,15.98,11.36,13.69,0
2021-07-29 00:00:00,13.69,13.69,12.44,12.95,0
2021-07-30 00:00:00,12.95,13.32,12.18,12.8,0
2021-08-02 00:00:00,12.8,13.09,11.52,12.81,0
2021-08-03 00:00:00,12.81,13.91,11.96,13.75,0
2021-08-04 00:00:00,13.75,14.06,12.65,13.21,0
2021-08-05 00:00:00,13.21,13.42,11.2,12.87,0
2021-08-06 00:00:00,12.87,13.16,11.64,12.61,0
2021-08-09 00:00:00,12.61,13.11,12.03,12.61,0
2021-08-10 00:00:00,12.61,13.07,9.98,12.71,0
2021-08-11 00:00:00,12.71,13.33,10.47,12.71,0
2021-08-12 00:00:00,12.71,12.82,11.36,12.37,0
2021-08-13 00:00:00,12.37,13.16,11.4,12.99,0
2021-08-16 00:00:00,12.99,13.66,11.38,13.46,0
2021-08-17 00:00:00,13.46,13.61,12.03,13.41,0
2021-08-18 00:00:00,13.41,13.41,11.12,12.91,0
2021-08-20 00:00:00,12.91,14.14,12.35,14.02,0
2021-08-23 00:00:00,14.02,14.44,12.73,13.69,0
2021-08-24 00:00:00,13.69,14.51,13.1,13.19,0
2021-08-25 00:00:00,13.19,13.97,12.27,13.5,0
2021-08-26 00:00:00,13.5,14.2,12.11,13.54,0
2021-08-27 00:00:00,13.54,13.76,12.94,13.41,0
2021-08-30 00:00:00,13.41,13.69,12.4,13.32,0
2021-08-31 00:00:00,13.32,14.77,12.64,14.52,0
2021-09-01 00:00:00,14.52,15.63,13.9,14.19,0
2021-09-02 00:00:00,14.19,14.39,13.61,14.24,0
2021-09-03 00:00:00,14.24,14.65,13.58,14.54,0
2021-09-06 00:00:00,14.54,15.28,14.06,15.11,0
2021-09-07 00:00:00,15.11,15.23,14.59,14.9,0
2021-09-08 00:00:00,14.9,15.06,12.49,14.41,0
2021-09-09 00:00:00,14.41,14.41,13.64,13.94,0
2021-09-13 00:00:00,13.94,14.78,11.92,14.03,0
2021-09-14 00:00:00,14.03,14.03,10.87,13.58,0
2021-09-15 00:00:00,13.58,13.88,12.37,13.73,0
2021-09-16 00:00:00,13.73,14.53,9.03,14.41,0
2021-09-17 00:00:00,14.41,15.65,12.14,15.23,0
2021-09-20 00:00:00,15.23,17.81,10.23,17.49,0
2021-09-21 00:00:00,17.49,18.0,13.0,16.52,0
2021-09-22 00:00:00,16.52,16.86,13.28,16.49,0
2021-09-23 00:00:00,16.49,16.94,10.31,16.6,0
2021-09-24 00:00:00,16.6,17.33,12.77,16.92,0
2021-09-27 00:00:00,16.92,18.14,13.52,18.05,0
2021-09-28 00:00:00,18.05,18.57,15.37,18.54,0
2021-09-29 00:00:00,18.54,19.43,16.76,18.84,0
2021-09-30 00:00:00,18.84,19.14,17.15,18.4,0
2021-10-01 00:00:00,18.4,19.08,17.0,17.21,0
2021-10-04 00:00:00,17.21,17.53,15.32,16.74,0
2021-10-05 00:00:00,16.74,17.13,16.3,16.4,0
2021-10-06 00:00:00,16.4,17.59,16.11,17.33,0
2021-10-07 00:00:00,17.33,17.33,14.45,16.16,0
2021-10-08 00:00:00,16.16,16.4,15.53,15.65,0
2021-10-11 00:00:00,15.65,16.41,12.23,16.09,0
2021-10-12 00:00:00,16.09,16.4,13.94,15.85,0
2021-10-13 00:00:00,15.85,16.22,13.38,16.1,0
2021-10-14 00:00:00,16.1,16.29,12.61,15.77,0
2021-10-18 00:00:00,15.77,17.32,14.16,17.19,0
2021-10-19 00:00:00,17.18,17.54,14.24,17.38,0
2021-10-20 00:00:00,17.38,18.86,15.23,18.31,0
2021-10-21 00:00:00,18.31,18.8,14.91,18.04,0
2021-10-22 00:00:00,18.04,18.04,14.36,17.55,0
2021-10-25 00:00:00,17.55,18.76,14.51,17.61,0
2021-10-26 00:00:00,17.61,17.73,16.65,16.75,0
2021-10-27 00:00:00,16.75,17.03,15.4,16.83,0
2021-10-28 00:00:00,16.83,18.43,16.81,17.91,0
2021-10-29 00:00:00,17.91,19.64,16.28,17.43,0
2021-11-01 00:00:00,17.43,18.1,15.38,17.24,0
2021-11-02 00:00:00,17.24,17.79,16.36,17.06,0
2021-11-03 00:00:00,17.06,17.06,15.7,16.13,0
2021-11-04 00:00:00,16.13,16.41,14.31,15.75,0
2021-11-08 00:00:00,15.75,16.93,13.99,16.34,0
2021-11-09 00:00:00,16.34,16.61,14.64,16.0,0
2021-11-10 00:00:00,16.0,16.68,15.14,16.31,0
2021-11-11 00:00:00,16.31,17.29,14.65,16.35,0
2021-11-12 00:00:00,16.35,16.35,14.65,15.22,0
2021-11-15 00:00:00,15.22,15.84,13.43,15.47,0
2021-11-16 00:00:00,15.47,15.68,13.58,15.2,0
2021-11-17 00:00:00,15.2,15.41,13.92,14.98,0
2021-11-18 00:00:00,14.98,16.15,12.08,14.86,0
2021-11-22 00:00:00,14.86,18.08,13.56,17.52,0
2021-11-23 00:00:00,17.52,20.02,16.79,18.02,0
2021-11-24 00:00:00,18.02,18.02,15.58,17.1,0
2021-11-25 00:00:00,17.1,18.07,16.0,16.66,0
2021-11-26 00:00:00,16.66,21.39,16.05,20.8,0
2021-11-29 00:00:00,20.8,23.82,18.89,20.83,0
2021-11-30 00:00:00,20.83,21.97,18.81,21.17,0
2021-12-01 00:00:00,21.17,21.17,18.93,19.45,0
2021-12-02 00:00:00,19.45,22.97,18.0,18.09,0
2021-12-03 00:00:00,18.09,18.83,17.21,18.46,0
2021-12-06 00:00:00,18.45,20.48,18.3,20.08,0
2021-12-07 00:00:00,20.08,20.08,18.24,18.46,0
2021-12-08 00:00:00,18.46,18.46,16.57,17.27,0
2021-12-09 00:00:00,17.27,17.43,15.54,16.6,0
2021-12-10 00:00:00,16.6,16.93,15.21,16.06,0
2021-12-13 00:00:00,16.06,16.86,14.68,16.57,0
2021-12-14 00:00:00,16.57,17.33,13.94,16.95,0
2021-12-15 00:00:00,16.95,17.71,15.77,17.22,0
2021-12-16 00:00:00,17.22,17.22,15.26,15.9,0
2021-12-17 00:00:00,15.9,16.91,13.76,16.34,0
2021-12-20 00:00:00,16.34,20.14,16.34,18.97,0
2021-12-21 00:00:00,18.97,18.97,16.63,17.54,0
2021-12-22 00:00:00,17.54,17.54,15.69,16.58,0
2021-12-23 00:00:00,16.58,16.58,15.68,15.83,0
2021-12-24 00:00:00,15.83,16.65,15.33,16.15,0
2021-12-27 00:00:00,16.15,17.28,15.26,17.12,0
2021-12-28 00:00:00,17.12,17.12,15.21,16.48,0
2021-12-29 00:00:00,16.48,16.86,15.8,16.24,0
2021-12-30 00:00:00,16.24,16.79,15.29,16.57,0
2021-12-31 00:00:00,16.57,16.77,15.4,16.22,0
2022-01-03 00:00:00,16.22,16.81,15.45,16.45,0
2022-01-04 00:00:00,16.45,16.68,15.71,16.12,0
2022-01-05 00:00:00,16.12,17.38,15.09,17.23,0
2022-01-06 00:00:00,17.23,18.42,16.4,17.98,0
2022-01-07 00:00:00,17.98,18.09,16.86,17.6,0
2022-01-10 00:00:00,17.6,18.39,15.84,17.68,0
2022-01-11 00:00:00,17.68,18.25,16.44,17.76,0
2022-01-12 00:00:00,17.76,17.93,16.55,17.18,0
2022-01-13 00:00:00,17.18,17.52,16.61,16.71,0
2022-01-14 00:00:00,16.7,17.1,15.34,16.56,0
2022-01-17 00:00:00,16.56,17.55,16.27,16.77,0
2022-01-18 00:00:00,16.77,17.88,16.77,17.78,0
2022-01-19 00:00:00,17.78,18.45,15.94,17.82,0
2022-01-20 00:00:00,17.82,18.45,17.32,17.79,0
2022-01-21 00:00:00,17.79,19.61,16.98,18.89,0
2022-01-24 00:00:00,18.89,23.9,18.89,22.83,0
2022-01-25 00:00:00,22.83,24.14,21.18,21.36,0
2022-01-27 00:00:00,21.36,23.87,20.44,21.07,0
2022-01-28 00:00:00,21.07,21.32,20.28,20.7,0
2022-01-31 00:00:00,20.7,22.11,20.7,21.95,0
2022-02-01 00:00:00,21.95,22.07,19.75,19.98,0
2022-02-02 00:00:00,19.98,19.98,18.55,18.65,0
2022-02-03 00:00:00,18.65,19.6,17.41,19.16,0
2022-02-04 00:00:00,19.16,19.78,18.6,18.9,0
2022-02-07 00:00:00,18.9,21.08,18.18,20.44,0
2022-02-08 00:00:00,20.44,20.94,19.56,19.69,0
2022-02-09 00:00:00,19.68,19.68,17.89,18.56,0
2022-02-10 00:00:00,18.56,18.93,16.8,17.71,0
2022-02-11 00:00:00,17.71,19.53,16.86,18.68,0
2022-02-14 00:00:00,18.68,23.54,18.68,22.98,0
2022-02-15 00:00:00,22.98,23.14,20.43,20.61,0
2022-02-16 00:00:00,20.61,21.02,19.35,20.59,0
2022-02-17 00:00:00,20.59,22.37,19.46,22.01,0
2022-02-18 00:00:00,22.01,23.21,21.64,22.17,0
2022-02-21 00:00:00,22.17,23.76,20.57,22.9,0
2022-02-22 00:00:00,22.9,27.82,22.9,26.66,0
2022-02-23 00:00:00,26.66,26.66,23.91,24.54,0
2022-02-24 00:00:00,24.54,33.97,24.54,31.98,0
2022-02-25 00:00:00,31.98,31.98,26.15,26.74,0
2022-02-28 00:00:00,26.74,29.79,26.74,28.57,0
2022-03-02 00:00:00,28.57,30.84,28.57,29.23,0
2022-03-03 00:00:00,29.23,29.23,27.22,28.16,0
2022-03-04 00:00:00,28.16,29.93,27.22,27.96,0
2022-03-07 00:00:00,27.96,30.28,27.96,29.33,0
2022-03-08 00:00:00,29.33,30.06,27.11,28.59,0
2022-03-09 00:00:00,28.59,28.59,27.31,27.47,0
2022-03-10 00:00:00,27.47,27.47,22.96,25.58,0
2022-03-11 00:00:00,25.58,25.87,24.58,25.35,0
2022-03-14 00:00:00,25.35,26.21,25.09,25.68,0
2022-03-15 00:00:00,25.68,27.54,23.66,26.73,0
2022-03-16 00:00:00,26.73,26.73,24.01,24.12,0
2022-03-17 00:00:00,24.12,24.12,20.77,22.61,0
2022-03-21 00:00:00,22.61,24.71,22.61,24.62,0
2022-03-22 00:00:00,24.62,25.16,23.76,24.07,0
2022-03-23 00:00:00,24.07,24.98,20.45,24.75,0
2022-03-24 00:00:00,24.75,25.53,23.81,23.93,0
2022-03-25 00:00:00,23.93,24.27,22.91,23.43,0
2022-03-28 00:00:00,23.43,24.21,19.59,22.61,0
2022-03-29 00:00:00,22.61,22.61,21.1,21.3,0
2022-03-30 00:00:00,21.3,21.3,19.73,20.61,0
2022-03-31 00:00:00,20.61,20.94,20.21,20.56,0
2022-04-01 00:00:00,20.56,20.86,18.12,18.44,0
2022-04-04 00:00:00,18.43,18.83,17.59,17.91,0
2022-04-05 00:00:00,17.91,18.63,16.79,18.49,0
2022-04-06 00:00:00,18.49,19.28,16.81,19.02,0
2022-04-07 00:00:00,19.02,19.49,17.72,19.0,0
2022-04-08 00:00:00,19.0,20.09,17.53,17.69,0
2022-04-11 00:00:00,17.69,19.15,16.64,18.27,0
2022-04-12 00:00:00,18.27,18.67,15.09,18.16,0
2022-04-13 00:00:00,18.16,18.4,16.19,17.79,0
2022-04-18 00:00:00,17.79,20.48,17.79,19.34,0
2022-04-19 00:00:00,19.34,20.81,14.63,19.78,0
2022-04-20 00:00:00,19.77,20.27,17.84,18.67,0
2022-04-21 00:00:00,18.67,18.67,13.35,17.85,0
2022-04-22 00:00:00,17.85,18.76,17.81,18.35,0
2022-04-25 00:00:00,18.35,21.76,18.35,21.26,0
2022-04-26 00:00:00,21.26,21.26,19.01,19.19,0
2022-04-27 00:00:00,19.19,21.37,19.19,20.61,0
2022-04-28 00:00:00,20.61,20.61,19.02,19.38,0
2022-04-29 00:00:00,19.38,19.65,18.21,19.42,0
2022-05-02 00:00:00,19.42,21.06,19.42,20.28,0
2022-05-04 00:00:00,20.28,22.39,18.43,21.88,0
2022-05-05 00:00:00,21.88,21.88,19.61,20.29,0
2022-05-06 00:00:00,20.29,21.81,19.33,21.25,0
2022-05-09 00:00:00,21.25,22.52,18.96,22.03,0
2022-05-10 00:00:00,22.03,22.52,21.22,22.3,0
2022-05-11 00:00:00,22.3,24.19,20.48,22.8,0
2022-05-12 00:00:00,22.8,25.32,21.15,24.27,0
2022-05-13 00:00:00,24.27,24.27,20.97,23.49,0
2022-05-16 00:00:00,23.49,24.71,21.28,24.53,0
2022-05-17 00:00:00,24.53,24.84,17.1,22.74,0
2022-05-18 00:00:00,22.74,23.06,21.34,22.3,0
2022-05-19 00:00:00,22.3,25.15,22.3,24.56,0
2022-05-20 00:00:00,24.56,24.56,22.44,23.1,0
2022-05-23 00:00:00,23.1,23.98,20.5,23.4,0
2022-05-24 00:00:00,23.4,25.99,23.16,25.64,0
2022-05-25 00:00:00,25.64,25.64,24.36,25.28,0
2022-05-26 00:00:00,25.28,25.28,22.54,22.72,0
2022-05-27 00:00:00,22.72,22.72,21.2,21.48,0
2022-05-30 00:00:00,21.48,21.48,19.72,19.98,0
2022-05-31 00:00:00,19.98,20.75,19.68,20.48,0
2022-06-01 00:00:00,20.48,21.34,18.23,20.85,0
2022-06-02 00:00:00,20.85,21.0,18.38,20.32,0
2022-06-03 00:00:00,20.32,20.32,18.74,19.98,0
2022-06-06 00:00:00,19.98,20.68,18.65,20.2,0
2022-06-07 00:00:00,20.2,21.07,19.43,20.43,0
2022-06-08 00:00:00,20.43,20.69,19.39,19.84,0
2022-06-09 00:00:00,19.84,19.84,18.16,19.14,0
2022-06-10 00:00:00,19.14,19.76,18.26,19.58,0
2022-06-13 00:00:00,19.58,22.8,19.58,22.37,0
2022-06-14 00:00:00,22.37,22.64,18.95,21.89,0
2022-06-15 00:00:00,21.89,22.37,20.95,22.15,0
2022-06-16 00:00:00,22.15,28.13,19.75,22.87,0
2022-06-17 00:00:00,22.87,23.69,18.02,22.76,0
2022-06-20 00:00:00,22.76,23.64,16.0,22.41,0
2022-06-21 00:00:00,22.41,22.41,20.48,21.14,0
2022-06-22 00:00:00,21.14,21.79,19.32,21.3,0
2022-06-23 00:00:00,21.3,21.71,18.36,20.88,0
2022-06-24 00:00:00,20.88,21.27,18.68,20.55,0
2022-06-27 00:00:00,20.55,21.12,19.55,21.01,0
2022-06-28 00:00:00,21.01,21.68,20.51,21.45,0
2022-06-29 00:00:00,21.45,22.09,21.45,21.9,0
2022-06-30 00:00:00,21.9,22.27,21.54,21.84,0
2022-07-01 00:00:00,21.84,22.43,21.14,21.25,0
2022-07-04 00:00:00,21.25,22.25,20.92,20.97,0
2022-07-05 00:00:00,20.97,20.99,20.24,20.79,0
2022-07-06 00:00:00,20.79,20.79,19.82,20.27,0
2022-07-07 00:00:00,20.27,20.27,19.01,19.2,0
2022-07-08 00:00:00,19.2,19.2,18.22,18.4,0
2022-07-11 00:00:00,18.4,19.22,16.65,18.37,0
2022-07-12 00:00:00,18.37,18.64,17.3,18.55,0
2022-07-13 00:00:00,18.55,18.76,17.74,18.52,0
2022-07-14 00:00:00,18.52,18.69,17.75,18.34,0
2022-07-15 00:00:00,18.34,18.34,17.53,17.6,0
2022-07-18 00:00:00,17.6,18.18,16.47,17.16,0
2022-07-19 00:00:00,17.16,17.67,16.35,17.2,0
2022-07-20 00:00:00,17.2,17.27,15.66,16.82,0
2022-07-21 00:00:00,16.82,17.21,15.97,16.86,0
2022-07-22 00:00:00,16.86,16.96,16.16,16.65,0
2022-07-25 00:00:00,16.65,17.91,16.18,17.68,0
2022-07-26 00:00:00,17.68,18.27,17.36,18.17,0
2022-07-27 00:00:00,18.17,18.64,17.75,18.13,0
2022-07-28 00:00:00,18.13,18.13,16.84,17.01,0
2022-07-29 00:00:00,17.01,18.65,16.49,16.55,0
2022-08-01 00:00:00,16.55,17.63,15.89,17.49,0
2022-08-02 00:00:00,17.49,18.76,17.49,18.53,0
2022-08-03 00:00:00,18.53,19.17,17.95,18.45,0
2022-08-04 00:00:00,18.45,21.06,17.63,19.26,0
2022-08-05 00:00:00,19.26,19.39,18.01,18.92,0
2022-08-08 00:00:00,18.92,20.18,17.78,19.3,0
2022-08-10 00:00:00,19.3,20.77,18.86,19.59,0
2022-08-11 00:00:00,19.59,19.59,18.2,18.36,0
2022-08-12 00:00:00,18.36,18.52,17.41,17.61,0
2022-08-16 00:00:00,17.61,18.36,17.01,17.69,0
2022-08-17 00:00:00,17.68,17.79,16.55,17.68,0
2022-08-18 00:00:00,17.68,18.44,16.72,17.35,0
2022-08-19 00:00:00,17.35,18.57,16.88,18.29,0
2022-08-22 00:00:00,18.29,19.3,17.2,19.04,0
2022-08-23 00:00:00,19.04,19.59,18.18,19.05,0
2022-08-24 00:00:00,19.05,19.34,17.99,18.43,0
2022-08-25 00:00:00,18.43,20.22,17.27,19.57,0
2022-08-26 00:00:00,19.57,19.57,15.83,18.22,0
2022-08-29 00:00:00,18.22,21.21,18.22,19.82,0
2022-08-30 00:00:00,19.82,19.82,17.26,18.7,0
2022-09-01 00:00:00,18.7,20.99,18.11,19.87,0
2022-09-02 00:00:00,19.87,20.14,17.4,19.55,0
2022-09-05 00:00:00,19.55,20.29,19.45,19.66,0
2022-09-06 00:00:00,19.66,20.0,18.65,19.53,0
2022-09-07 00:00:00,19.52,20.18,18.28,19.37,0
2022-09-08 00:00:00,19.37,19.37,17.3,18.31,0
2022-09-09 00:00:00,18.31,18.51,16.55,17.72,0
2022-09-12 00:00:00,17.72,18.38,16.39,17.94,0
2022-09-13 00:00:00,17.94,17.94,16.86,17.47,0
2022-09-14 00:00:00,17.47,18.57,17.26,18.28,0
2022-09-15 00:00:00,18.28,19.22,16.78,18.39,0
2022-09-16 00:00:00,18.39,20.24,18.3,19.82,0
2022-09-19 00:00:00,19.82,21.21,16.47,19.94,0
2022-09-20 00:00:00,19.94,19.94,18.11,18.8,0
2022-09-21 00:00:00,18.8,20.29,18.31,19.33,0
2022-09-22 00:00:00,19.33,20.14,17.41,18.82,0
2022-09-23 00:00:00,18.82,20.81,17.35,20.59,0
2022-09-26 00:00:00,20.59,22.9,18.81,21.89,0
2022-09-27 00:00:00,21.89,22.29,20.79,21.57,0
2022-09-28 00:00:00,21.57,22.36,21.49,22.1,0
2022-09-29 00:00:00,22.1,22.29,21.07,21.3,0
2022-09-30 00:00:00,21.3,21.99,19.7,19.97,0
2022-10-03 00:00:00,19.97,21.68,19.97,21.37,0
2022-10-04 00:00:00,21.37,21.37,19.45,19.57,0
2022-10-06 00:00:00,19.57,20.02,18.59,19.32,0
2022-10-07 00:00:00,19.32,19.73,18.69,18.81,0
2022-10-10 00:00:00,18.81,20.34,18.81,19.62,0
2022-10-11 00:00:00,19.62,20.82,19.09,20.49,0
2022-10-12 00:00:00,20.49,20.89,19.89,20.18,0
2022-10-13 00:00:00,20.18,20.94,18.4,20.29,0
2022-10-14 00:00:00,20.29,20.63,18.08,18.26,0
2022-10-17 00:00:00,18.26,19.08,18.26,18.42,0
2022-10-18 00:00:00,18.42,18.42,16.58,17.45,0
2022-10-19 00:00:00,17.45,17.56,16.23,17.49,0
2022-10-20 00:00:00,17.49,17.76,15.57,17.23,0
2022-10-21 00:00:00,17.23,17.43,16.59,17.28,0
2022-10-24 00:00:00,17.28,17.67,17.07,17.42,0
2022-10-25 00:00:00,17.42,17.62,16.49,16.88,0
2022-10-27 00:00:00,16.88,17.07,14.79,16.6,0
2022-10-28 00:00:00,16.6,17.04,15.85,15.92,0
2022-10-31 00:00:00,15.92,16.63,15.07,15.8,0
2022-11-01 00:00:00,15.8,16.2,15.11,16.13,0
2022-11-02 00:00:00,16.13,16.86,14.68,16.66,0
2022-11-03 00:00:00,16.66,16.73,14.99,15.94,0
2022-11-04 00:00:00,15.94,16.21,15.48,15.66,0
2022-11-07 00:00:00,15.66,16.36,15.28,15.59,0
2022-11-09 00:00:00,15.59,16.07,15.02,15.92,0
2022-11-10 00:00:00,15.92,16.29,15.49,15.57,0
2022-11-11 00:00:00,15.57,15.57,14.28,14.41,0
2022-11-14 00:00:00,14.41,15.27,12.56,14.91,0
2022-11-15 00:00:00,14.91,15.02,13.83,14.64,0
2022-11-16 00:00:00,14.64,15.53,13.93,15.1,0
2022-11-17 00:00:00,15.1,16.26,13.09,14.88,0
2022-11-18 00:00:00,14.88,15.69,13.86,14.39,0
2022-11-21 00:00:00,14.39,15.55,13.36,14.8,0
2022-11-22 00:00:00,14.8,16.27,13.32,13.84,0
2022-11-23 00:00:00,13.84,14.33,11.88,14.04,0
2022-11-24 00:00:00,14.04,14.04,13.0,13.48,0
2022-11-25 00:00:00,13.48,15.77,12.77,13.33,0
2022-11-28 00:00:00,13.33,14.06,12.41,13.57,0
2022-11-29 00:00:00,13.57,14.62,12.41,13.62,0
2022-11-30 00:00:00,13.62,14.05,12.75,13.81,0
2022-12-01 00:00:00,13.81,14.23,12.99,13.36,0
2022-12-02 00:00:00,13.36,14.09,12.96,13.45,0
2022-12-05 00:00:00,13.45,14.42,13.45,13.73,0
2022-12-06 00:00:00,13.73,14.25,12.18,14.04,0
2022-12-07 00:00:00,14.04,14.46,13.8,14.08,0
2022-12-08 00:00:00,14.08,14.89,13.26,13.4,0
2022-12-09 00:00:00,13.4,13.96,11.91,13.48,0
2022-12-12 00:00:00,13.48,14.15,12.53,13.32,0
2022-12-13 00:00:00,13.32,13.58,11.43,12.88,0
2022-12-14 00:00:00,12.88,13.08,11.53,12.89,0
2022-12-15 00:00:00,12.89,13.88,12.59,13.73,0
2022-12-16 00:00:00,13.73,14.22,12.49,14.07,0
2022-12-19 00:00:00,14.07,14.49,13.5,13.55,0
2022-12-20 00:00:00,13.55,14.92,13.04,13.78,0
2022-12-21 00:00:00,13.78,16.01,12.46,15.56,0
2022-12-22 00:00:00,15.56,16.3,14.44,15.19,0
2022-12-23 00:00:00,15.19,16.48,14.48,16.16,0
2022-12-26 00:00:00,16.16,17.23,14.31,15.93,0
2022-12-27 00:00:00,15.93,16.13,14.93,15.29,0
2022-12-28 00:00:00,15.29,15.65,15.27,15.4,0
2022-12-29 00:00:00,15.4,15.77,14.71,14.81,0
2022-12-30 00:00:00,14.81,15.12,14.28,14.87,0
2023-01-02 00:00:00,14.87,15.45,14.57,14.69,0
2023-01-03 00:00:00,14.69,14.99,14.31,14.39,0
2023-01-04 00:00:00,14.39,15.68,14.33,15.2,0
2023-01-05 00:00:00,15.2,15.6,14.81,14.98,0
2023-01-06 00:00:00,14.98,15.44,14.62,15.03,0
2023-01-09 00:00:00,15.03,15.38,14.53,14.65,0
2023-01-10 00:00:00,14.65,15.94,14.56,15.51,0
2023-01-11 00:00:00,15.51,16.23,15.12,15.44,0
2023-01-12 00:00:00,15.44,16.04,14.42,15.28,0
2023-01-13 00:00:00,15.28,15.6,14.4,14.46,0
2023-01-16 00:00:00,14.46,15.36,14.46,15.02,0
2023-01-17 00:00:00,15.02,15.31,13.84,14.59,0
2023-01-18 00:00:00,14.59,14.75,12.47,14.37,0
2023-01-19 00:00:00,14.37,14.83,13.89,13.96,0
2023-01-20 00:00:00,13.96,14.19,11.64,13.79,0
2023-01-23 00:00:00,13.79,14.26,13.48,13.62,0
2023-01-24 00:00:00,13.62,13.81,13.3,13.66,0
2023-01-25 00:00:00,13.66,15.42,13.52,14.66,0
2023-01-27 00:00:00,14.66,18.01,14.58,17.32,0
2023-01-30 00:00:00,17.32,19.39,17.29,17.71,0
2023-01-31 00:00:00,17.71,18.37,16.57,16.88,0
2023-02-01 00:00:00,16.88,18.54,14.85,16.78,0
2023-02-02 00:00:00,16.78,17.77,15.51,15.73,0
2023-02-03 00:00:00,15.73,15.76,14.27,14.4,0
2023-02-06 00:00:00,14.4,15.21,14.19,14.69,0
2023-02-07 00:00:00,14.69,14.88,13.67,14.13,0
2023-02-08 00:00:00,14.13,14.25,13.54,13.6,0
2023-02-09 00:00:00,13.6,13.82,12.06,13.04,0
2023-02-10 00:00:00,13.04,13.28,12.21,12.75,0
2023-02-13 00:00:00,12.75,14.1,11.83,13.68,0
2023-02-14 00:00:00,13.68,13.68,12.45,13.45,0
2023-02-15 00:00:00,13.45,13.45,11.28,12.86,0
2023-02-16 00:00:00,12.86,13.16,10.17,12.89,0
2023-02-17 00:00:00,12.89,13.52,10.8,13.09,0
2023-02-20 00:00:00,13.09,13.71,10.92,13.38,0
2023-02-21 00:00:00,13.38,14.3,13.38,14.01,0
2023-02-22 00:00:00,14.01,15.92,12.38,15.59,0
2023-02-23 00:00:00,15.59,16.01,14.52,15.08,0
2023-02-24 00:00:00,15.08,15.14,14.01,14.19,0
2023-02-27 00:00:00,14.19,15.1,13.75,13.88,0
2023-02-28 00:00:00,13.88,14.57,13.5,14.02,0
2023-03-01 00:00:00,14.02,14.02,12.28,13.0,0
2023-03-02 00:00:00,13.0,13.55,11.1,12.97,0
2023-03-03 00:00:00,12.97,12.97,11.98,12.18,0
2023-03-06 00:00:00,12.18,12.47,11.84,12.27,0
2023-03-08 00:00:00,12.27,12.85,11.9,12.45,0
2023-03-09 00:00:00,12.45,12.84,11.78,12.73,0
2023-03-10 00:00:00,12.73,13.82,12.73,13.41,0
2023-03-13 00:00:00,13.41,16.43,13.41,16.22,0
2023-03-14 00:00:00,16.22,16.64,15.0,16.22,0
2023-03-15 00:00:00,16.22,16.51,14.52,16.3,0
2023-03-16 00:00:00,16.3,17.36,13.95,16.22,0
2023-03-17 00:00:00,16.22,16.22,14.6,14.77,0
2023-03-20 00:00:00,14.77,17.22,14.52,16.01,0
2023-03-21 00:00:00,16.01,16.04,14.08,15.08,0
2023-03-22 00:00:00,15.08,15.09,14.24,14.81,0
2023-03-23 00:00:00,14.81,15.06,13.9,14.49,0
2023-03-24 00:00:00,14.49,15.43,14.2,15.24,0
2023-03-27 00:00:00,15.24,16.09,15.1,15.45,0
2023-03-28 00:00:00,15.45,15.61,14.87,15.1,0
2023-03-29 00:00:00,15.1,15.1,13.32,13.63,0
2023-03-31 00:00:00,13.63,13.63,12.07,12.94,0
2023-04-03 00:00:00,12.94,13.49,12.47,12.59,0
2023-04-05 00:00:00,12.59,12.81,12.05,12.41,0
2023-04-06 00:00:00,12.41,12.57,11.65,11.8,0
2023-04-10 00:00:00,11.8,12.56,11.8,12.27,0
2023-04-11 00:00:00,12.27,12.27,11.67,11.98,0
2023-04-12 00:00:00,11.98,12.4,11.98,12.27,0
2023-04-13 00:00:00,12.27,12.51,11.84,11.91,0
2023-04-17 00:00:00,11.91,13.27,11.91,12.27,0
2023-04-18 00:00:00,12.27,12.53,11.86,12.08,0
2023-04-19 00:00:00,12.08,12.47,11.11,12.15,0
2023-04-20 00:00:00,12.15,12.4,11.58,11.94,0
2023-04-21 00:00:00,11.94,12.04,11.52,11.63,0
2023-04-24 00:00:00,11.63,12.21,11.58,11.67,0
2023-04-25 00:00:00,11.67,11.81,11.43,11.52,0
2023-04-26 00:00:00,11.52,11.9,11.3,11.65,0
2023-04-27 00:00:00,11.65,12.02,10.96,11.43,0
2023-04-28 00:00:00,11.43,11.54,10.79,10.95,0
2023-05-02 00:00:00,10.95,12.06,10.95,11.9,0
2023-05-03 00:00:00,11.9,12.25,11.13,11.84,0
2023-05-04 00:00:00,11.84,12.03,11.19,11.73,0
2023-05-05 00:00:00,11.73,12.38,11.53,12.3,0
2023-05-08 00:00:00,12.3,12.91,11.72,12.64,0
2023-05-09 00:00:00,12.64,12.82,11.66,12.68,0
2023-05-10 00:00:00,12.68,13.3,11.54,13.08,0
2023-05-11 00:00:00,13.08,13.74,12.82,13.22,0
2023-05-12 00:00:00,13.22,13.51,12.74,12.85,0
2023-05-15 00:00:00,12.85,13.62,12.54,13.17,0
2023-05-16 00:00:00,13.17,13.49,11.71,13.29,0
2023-05-17 00:00:00,13.29,13.58,11.9,13.11,0
2023-05-18 00:00:00,13.11,13.11,11.14,12.8,0
2023-05-19 00:00:00,12.8,12.82,11.69,12.3,0
2023-05-22 00:00:00,12.3,12.82,11.56,12.57,0
2023-05-23 00:00:00,12.57,13.08,12.32,12.61,0
2023-05-24 00:00:00,12.61,13.44,12.41,13.11,0
2023-05-25 00:00:00,13.11,13.13,8.18,12.52,0
2023-05-26 00:00:00,12.52,12.86,11.7,11.9,0
2023-05-29 00:00:00,11.9,12.49,8.81,12.3,0
2023-05-30 00:00:00,12.3,12.38,11.77,12.01,0
2023-05-31 00:00:00,12.01,12.47,11.58,11.97,0
2023-06-01 00:00:00,11.97,11.97,11.22,11.6,0
2023-06-02 00:00:00,11.6,11.74,10.86,11.13,0
2023-06-05 00:00:00,11.13,11.34,10.32,11.14,0
2023-06-06 00:00:00,11.14,11.62,10.47,11.38,0
2023-06-07 00:00:00,11.38,11.54,9.64,11.44,0
2023-06-08 00:00:00,11.44,11.57,10.13,11.26,0
2023-06-09 00:00:00,11.26,11.3,10.31,11.12,0
2023-06-12 00:00:00,11.12,11.8,10.58,11.25,0
2023-06-13 00:00:00,11.25,11.25,9.99,11.11,0
2023-06-14 00:00:00,11.11,11.37,10.63,11.16,0
2023-06-15 00:00:00,11.16,11.37,9.69,11.08,0
2023-06-16 00:00:00,11.08,11.08,10.56,10.84,0
2023-06-19 00:00:00,10.84,11.5,10.33,11.23,0
2023-06-20 00:00:00,11.23,11.44,10.57,11.13,0
2023-06-21 00:00:00,11.13,11.43,10.77,11.29,0
2023-06-22 00:00:00,11.29,11.71,10.69,11.55,0
2023-06-23 00:00:00,11.55,11.84,11.14,11.24,0
2023-06-26 00:00:00,11.24,11.93,11.24,11.4,0
2023-06-27 00:00:00,11.4,11.42,10.69,10.78,0
2023-06-28 00:00:00,10.78,11.54,10.65,10.89,0
2023-06-30 00:00:00,10.89,11.22,10.07,10.8,0
2023-07-03 00:00:00,10.8,12.03,10.8,11.54,0
2023-07-04 00:00:00,11.54,11.99,11.52,11.7,0
2023-07-05 00:00:00,11.7,12.21,11.57,11.88,0
2023-07-06 00:00:00,11.88,12.21,11.78,11.84,0
2023-07-07 00:00:00,11.84,12.07,11.08,11.53,0
2023-07-10 00:00:00,11.53,12.01,11.36,11.46,0
2023-07-11 00:00:00,11.46,11.46,10.95,11.01,0
2023-07-12 00:00:00,11.01,11.2,10.72,10.94,0
2023-07-13 00:00:00,10.94,11.17,10.7,10.94,0
2023-07-14 00:00:00,10.94,10.94,10.61,10.68,0
2023-07-17 00:00:00,10.68,11.4,9.86,11.32,0
2023-07-18 00:00:00,11.32,12.02,11.07,11.71,0
2023-07-19 00:00:00,11.71,11.94,11.54,11.6,0
2023-07-20 00:00:00,11.6,12.26,11.37,11.79,0
2023-07-21 00:00:00,11.79,12.03,11.06,11.49,0
2023-07-24 00:00:00,11.49,12.0,10.54,11.65,0
2023-07-25 00:00:00,11.65,11.65,10.11,10.24,0
2023-07-26 00:00:00,10.24,10.86,10.22,10.46,0
2023-07-27 00:00:00,10.46,10.98,9.89,10.51,0
2023-07-28 00:00:00,10.51,10.81,10.04,10.14,0
2023-07-31 00:00:00,10.14,11.19,10.14,10.41,0
2023-08-01 00:00:00,10.41,10.7,10.2,10.28,0
2023-08-02 00:00:00,10.28,11.81,9.95,11.28,0
2023-08-03 00:00:00,11.28,11.96,10.98,11.19,0
2023-08-04 00:00:00,11.19,11.19,10.48,10.57,0
2023-08-07 00:00:00,10.57,11.42,10.4,11.1,0
2023-08-08 00:00:00,11.1,11.53,11.1,11.33,0
2023-08-09 00:00:00,11.33,11.77,10.49,11.14,0
2023-08-10 00:00:00,11.14,11.91,10.63,11.4,0
2023-08-11 00:00:00,11.4,11.87,11.36,11.52,0
2023-08-14 00:00:00,11.52,12.76,10.48,12.0,0
2023-08-16 00:00:00,12.0,12.68,12.0,12.13,0
2023-08-17 00:00:00,12.13,12.67,12.11,12.24,0
2023-08-18 00:00:00,12.24,12.49,10.79,12.14,0
2023-08-21 00:00:00,12.14,12.59,11.17,11.96,0
2023-08-22 00:00:00,11.96,12.09,11.59,11.75,0
2023-08-23 00:00:00,11.75,11.89,10.31,11.73,0
2023-08-24 00:00:00,11.73,12.24,10.2,11.7,0
2023-08-25 00:00:00,11.7,12.24,9.98,12.08,0
2023-08-28 00:00:00,12.08,12.72,9.5,12.4,0
2023-08-29 00:00:00,12.4,12.46,10.65,12.23,0
2023-08-30 00:00:00,12.23,12.24,11.46,11.8,0
2023-08-31 00:00:00,11.8,12.28,11.76,12.06,0
2023-09-01 00:00:00,12.06,12.18,10.41,11.37,0
2023-09-04 00:00:00,11.37,11.54,10.86,10.96,0
2023-09-05 00:00:00,10.96,11.09,9.37,10.82,0
2023-09-06 00:00:00,10.82,10.98,9.81,10.68,0
2023-09-07 00:00:00,10.68,11.03,9.8,10.87,0
2023-09-08 00:00:00,10.87,10.97,10.08,10.78,0
2023-09-11 00:00:00,10.78,11.5,10.34,11.35,0
2023-09-12 00:00:00,11.35,12.02,10.71,11.69,0
2023-09-13 00:00:00,11.69,12.05,11.54,11.83,0
2023-09-14 00:00:00,11.83,12.04,11.21,11.32,0
2023-09-15 00:00:00,11.32,11.32,10.07,10.9,0
2023-09-18 00:00:00,10.9,11.41,10.45,10.84,0
2023-09-20 00:00:00,10.84,11.47,10.84,11.13,0
2023-09-21 00:00:00,11.13,11.39,10.62,10.82,0
2023-09-22 00:00:00,10.82,11.07,10.39,10.66,0
2023-09-25 00:00:00,10.66,11.31,10.27,10.9,0
2023-09-26 00:00:00,10.9,11.29,9.25,11.19,0
2023-09-27 00:00:00,11.19,11.82,9.39,11.59,0
2023-09-28 00:00:00,11.59,13.02,9.4,12.82,0
2023-09-29 00:00:00,12.82,12.82,11.31,11.45,0
2023-10-03 00:00:00,11.45,12.41,10.78,11.79,0
2023-10-04 00:00:00,11.79,12.22,11.12,11.66,0
2023-10-05 00:00:00,11.66,11.66,10.84,10.94,0
2023-10-06 00:00:00,10.94,10.94,9.73,10.3,0
2023-10-09 00:00:00,10.3,11.63,10.12,11.4,0
2023-10-10 00:00:00,11.4,11.4,10.86,11.27,0
2023-10-11 00:00:00,11.27,11.32,10.39,10.99,0
2023-10-12 00:00:00,10.99,11.12,10.57,10.62,0
2023-10-13 00:00:00,10.62,11.03,10.4,10.62,0
2023-10-16 00:00:00,10.62,11.15,9.15,11.07,0
2023-10-17 00:00:00,11.07,11.07,10.43,10.7,0
2023-10-18 00:00:00,10.7,11.17,10.49,10.97,0
2023-10-19 00:00:00,10.97,11.21,10.05,10.9,0
2023-10-20 00:00:00,10.9,11.09,10.07,10.82,0
2023-10-23 00:00:00,10.82,11.36,8.82,10.91,0
2023-10-25 00:00:00,10.91,12.18,9.97,11.31,0
2023-10-26 00:00:00,11.31,12.7,11.31,11.73,0
2023-10-27 00:00:00,11.73,12.31,10.67,10.91,0
2023-10-30 00:00:00,10.91,12.19,10.91,11.49,0
2023-10-31 00:00:00,11.49,12.29,11.26,11.83,0
2023-11-01 00:00:00,11.83,12.2,11.83,12.05,0
2023-11-02 00:00:00,12.05,12.05,10.95,11.08,0
2023-11-03 00:00:00,11.08,11.08,10.64,10.88,0
2023-11-06 00:00:00,10.88,11.28,10.38,11.11,0
2023-11-07 00:00:00,11.11,12.18,11.0,11.19,0
2023-11-08 00:00:00,11.19,11.33,10.63,11.04,0
2023-11-09 00:00:00,11.04,11.25,10.37,10.98,0
2023-11-10 00:00:00,10.98,11.36,9.86,11.11,0
2023-11-12 00:00:00,11.11,11.54,9.75,11.35,0
2023-11-13 00:00:00,11.35,11.63,10.5,11.19,0
2023-11-15 00:00:00,11.19,11.42,8.4,11.14,0
2023-11-16 00:00:00,11.14,11.81,10.62,11.65,0
2023-11-17 00:00:00,11.65,12.09,10.19,11.83,0
2023-11-20 00:00:00,11.83,12.67,11.2,12.15,0
2023-11-21 00:00:00,12.15,12.44,10.76,12.23,0
2023-11-22 00:00:00,12.23,12.71,11.02,11.87,0
2023-11-23 00:00:00,11.87,12.14,10.98,11.32,0
2023-11-24 00:00:00,11.32,11.47,8.68,11.33,0
2023-11-28 00:00:00,11.33,12.49,11.07,12.18,0
2023-11-29 00:00:00,12.18,14.46,11.33,12.71,0
2023-11-30 00:00:00,12.71,13.35,11.76,12.69,0
2023-12-01 00:00:00,12.69,12.76,11.78,12.38,0
2023-12-04 00:00:00,12.38,13.16,11.34,12.99,0
2023-12-05 00:00:00,12.99,13.88,11.48,13.46,0
2023-12-06 00:00:00,13.46,14.09,12.69,13.74,0
2023-12-07 00:00:00,13.74,13.74,12.55,12.67,0
2023-12-08 00:00:00,12.67,12.88,12.14,12.47,0
2023-12-11 00:00:00,12.47,13.12,12.23,12.76,0
2023-12-12 00:00:00,12.76,12.87,11.69,12.71,0
2023-12-13 00:00:00,12.71,12.82,11.54,12.07,0
2023-12-14 00:00:00,12.07,12.51,11.0,12.32,0
2023-12-15 00:00:00,12.32,13.34,10.8,13.13,0
2023-12-18 00:00:00,13.13,14.12,13.13,13.9,0
2023-12-19 00:00:00,13.9,14.12,13.55,13.87,0
2023-12-20 00:00:00,13.87,14.87,12.78,14.45,0
2023-12-21 00:00:00,14.45,15.01,12.28,13.76,0
2023-12-22 00:00:00,13.76,13.99,12.23,13.71,0
2023-12-26 00:00:00,13.71,14.95,13.71,14.68,0
2023-12-27 00:00:00,14.68,15.73,14.47,15.56,0
2023-12-28 00:00:00,15.56,16.47,14.96,15.14,0
2023-12-29 00:00:00,15.14,15.43,14.37,14.5,0
2024-01-01 00:00:00,14.5,14.87,14.33,14.68,0
2024-01-02 00:00:00,14.68,15.08,14.24,14.58,0
2024-01-03 00:00:00,14.58,14.78,14.02,14.1,0
2024-01-04 00:00:00,14.1,14.21,13.21,13.33,0
2024-01-05 00:00:00,13.33,13.47,12.49,12.63,0
2024-01-08 00:00:00,12.63,13.6,12.63,13.46,0
2024-01-09 00:00:00,13.46,13.51,12.78,13.26,0
2024-01-10 00:00:00,13.26,14.56,12.81,12.97,0
2024-01-11 00:00:00,12.97,13.19,12.63,12.77,0
2024-01-12 00:00:00,12.77,13.29,12.42,13.1,0
2024-01-15 00:00:00,13.1,13.89,11.79,13.79,0
2024-01-16 00:00:00,13.79,14.04,12.49,13.57,0
2024-01-17 00:00:00,13.57,15.23,12.72,15.08,0
2024-01-18 00:00:00,15.08,15.71,12.98,14.07,0
2024-01-19 00:00:00,14.07,14.11,13.68,13.88,0
2024-01-20 00:00:00,13.88,14.25,13.1,13.8,0
2024-01-23 00:00:00,13.8,15.41,12.2,14.85,0
2024-01-24 00:00:00,14.85,15.65,14.03,14.38,0
2024-01-25 00:00:00,14.38,15.34,13.36,13.87,0
2024-01-29 00:00:00,13.87,15.85,13.8,15.68,0
2024-01-30 00:00:00,15.68,16.58,14.99,16.1,0
2024-01-31 00:00:00,16.1,16.53,15.8,16.05,0
2024-02-01 00:00:00,16.05,16.11,14.36,14.46,0
2024-02-02 00:00:00,14.46,15.13,14.03,14.7,0
2024-02-05 00:00:00,14.7,16.05,14.7,15.62,0
2024-02-06 00:00:00,15.62,15.98,15.09,15.79,0
2024-02-07 00:00:00,15.79,16.02,14.74,15.51,0
2024-02-08 00:00:00,15.51,16.03,15.24,15.83,0
2024-02-09 00:00:00,15.83,16.33,15.27,15.45,0
2024-02-12 00:00:00,15.45,16.54,15.45,16.06,0
2024-02-13 00:00:00,16.06,16.57,15.75,15.81,0
2024-02-14 00:00:00,15.81,16.2,15.34,15.44,0
2024-02-15 00:00:00,15.44,15.66,15.11,15.23,0
2024-02-16 00:00:00,15.23,15.55,14.9,15.22,0
2024-02-19 00:00:00,15.22,16.12,13.7,16.02,0
2024-02-20 00:00:00,16.02,16.36,14.21,16.07,0
2024-02-21 00:00:00,16.07,16.31,15.68,15.93,0
2024-02-22 00:00:00,15.93,16.15,15.13,15.2,0
2024-02-23 00:00:00,15.2,15.44,14.84,14.97,0
2024-02-26 00:00:00,14.97,15.96,13.76,15.6,0
2024-02-27 00:00:00,15.6,16.0,15.53,15.73,0
2024-02-28 00:00:00,15.73,16.74,15.31,16.33,0
2024-02-29 00:00:00,16.33,16.55,15.37,15.57,0
2024-03-01 00:00:00,15.57,15.64,15.0,15.24,0
2024-03-02 00:00:00,15.24,15.42,13.53,14.99,0
2024-03-04 00:00:00,14.99,15.3,14.82,14.92,0
2024-03-05 00:00:00,14.92,15.17,14.18,14.38,0
2024-03-06 00:00:00,14.38,14.71,13.91,14.3,0
2024-03-07 00:00:00,14.3,14.43,13.56,13.61,0
2024-03-11 00:00:00,13.61,14.55,13.61,14.0,0
2024-03-12 00:00:00,14.0,14.2,13.58,13.64,0
2024-03-13 00:00:00,13.64,15.01,13.53,14.43,0
2024-03-14 00:00:00,14.43,14.68,13.52,13.62,0
2024-03-15 00:00:00,13.62,14.33,13.59,13.69,0
2024-03-18 00:00:00,13.69,14.62,13.69,13.9,0
2024-03-19 00:00:00,13.9,14.45,13.88,14.11,0
2024-03-20 00:00:00,14.11,14.28,13.09,13.47,0
2024-03-21 00:00:00,13.47,13.47,12.34,12.51,0
2024-03-22 00:00:00,12.51,13.05,11.81,12.22,0
2024-03-26 00:00:00,12.22,13.1,12.09,12.82,0
2024-03-27 00:00:00,12.82,13.01,12.53,12.7,0
2024-03-28 00:00:00,12.7,13.18,12.26,12.83,0
2024-04-01 00:00:00,12.83,13.36,12.01,12.08,0
2024-04-02 00:00:00,12.08,12.31,11.6,11.65,0
2024-04-03 00:00:00,11.65,11.83,11.31,11.37,0
2024-04-04 00:00:00,11.37,11.84,10.86,11.22,0
2024-04-05 00:00:00,11.22,11.68,11.04,11.34,0
2024-04-08 00:00:00,11.34,11.74,11.13,11.61,0
2024-04-09 00:00:00,11.61,11.61,10.62,11.36,0
2024-04-10 00:00:00,11.36,11.36,10.99,11.11,0
2024-04-12 00:00:00,11.11,11.61,11.11,11.53,0
2024-04-15 00:00:00,11.53,12.74,11.31,12.47,0
2024-04-16 00:00:00,12.47,12.93,12.34,12.62,0
2024-04-18 00:00:00,12.62,13.39,12.03,13.04,0
2024-04-19 00:00:00,13.04,14.41,11.92,13.46,0
2024-04-22 00:00:00,13.46,13.46,12.61,12.7,0
2024-04-23 00:00:00,12.7,12.7,9.86,10.2,0
2024-04-24 00:00:00,10.2,11.13,9.95,10.28,0
2024-04-25 00:00:00,10.28,11.46,10.26,10.73,0
2024-04-26 00:00:00,10.73,11.32,10.59,10.93,0
2024-04-29 00:00:00,10.93,12.49,10.93,12.24,0
2024-04-30 00:00:00,12.24,13.21,12.24,12.87,0
2024-05-02 00:00:00,12.87,13.95,12.87,13.45,0
2024-05-03 00:00:00,13.45,15.31,13.45,14.62,0
2024-05-06 00:00:00,14.62,16.96,14.62,16.6,0
2024-05-07 00:00:00,16.6,17.64,16.6,17.01,0
2024-05-08 00:00:00,17.01,18.32,16.46,17.08,0
2024-05-09 00:00:00,17.08,19.17,17.08,18.2,0
2024-05-10 00:00:00,18.2,19.01,18.0,18.47,0
2024-05-13 00:00:00,18.47,21.49,18.47,20.6,0
2024-05-14 00:00:00,20.6,21.88,20.11,20.2,0
2024-05-15 00:00:00,20.2,20.66,19.87,20.27,0
2024-05-16 00:00:00,20.27,21.11,18.97,20.0,0
2024-05-17 00:00:00,20.0,20.37,18.98,19.8,0
2024-05-18 00:00:00,19.8,20.95,17.34,20.53,0
2024-05-21 00:00:00,20.53,22.3,20.53,21.81,0
2024-05-22 00:00:00,21.81,22.29,18.18,21.47,0
2024-05-23 00:00:00,21.47,24.22,18.84,21.38,0
2024-05-24 00:00:00,21.38,21.9,20.59,21.71,0
2024-05-27 00:00:00,21.71,26.2,18.43,23.19,0
2024-05-28 00:00:00,23.19,24.48,22.03,24.2,0
2024-05-29 00:00:00,24.2,24.77,23.55,24.18,0
2024-05-30 00:00:00,24.18,24.52,22.75,24.18,0
2024-05-31 00:00:00,24.18,24.81,22.6,24.6,0
2024-06-03 00:00:00,24.6,24.6,19.11,20.94,0
2024-06-04 00:00:00,20.94,31.71,18.8,26.75,0
2024-06-05 00:00:00,26.75,26.93,18.66,18.89,0
2024-06-06 00:00:00,18.89,18.89,16.56,16.8,0
2024-06-07 00:00:00,16.8,17.15,16.37,16.88,0
2024-06-10 00:00:00,16.88,17.25,16.17,16.4,0
2024-06-11 00:00:00,16.4,16.4,14.68,14.77,0
2024-06-12 00:00:00,14.77,14.77,13.17,14.39,0
2024-06-13 00:00:00,14.39,14.39,13.31,13.49,0
2024-06-14 00:00:00,13.49,13.49,12.66,12.82,0
2024-06-18 00:00:00,12.82,13.42,12.63,12.97,0
2024-06-19 00:00:00,12.97,13.82,11.63,13.71,0
2024-06-20 00:00:00,13.71,14.06,13.1,13.35,0
2024-06-21 00:00:00,13.35,13.59,12.48,13.18,0
2024-06-24 00:00:00,13.18,14.27,13.15,14.06,0
2024-06-25 00:00:00,14.06,14.46,13.84,14.31,0
2024-06-26 00:00:00,14.31,14.55,13.99,14.05,0
2024-06-27 00:00:00,14.05,14.61,13.92,14.15,0
2024-06-28 00:00:00,14.15,14.29,13.69,13.8,0
2024-07-01 00:00:00,13.8,14.23,13.79,13.83,0
2024-07-02 00:00:00,13.83,14.01,13.32,13.64,0
2024-07-03 00:00:00,13.64,13.72,12.87,13.21,0
2024-07-04 00:00:00,13.21,13.21,12.26,12.86,0
2024-07-05 00:00:00,12.86,12.99,12.08,12.7,0
2024-07-08 00:00:00,12.7,13.76,12.7,13.6,0
2024-07-09 00:00:00,13.6,14.4,12.79,14.28,0
2024-07-10 00:00:00,14.28,14.92,13.41,14.43,0
2024-07-11 00:00:00,14.43,14.43,12.68,14.0,0
2024-07-12 00:00:00,14.0,14.05,13.22,13.73,0
2024-07-15 00:00:00,13.73,14.34,13.57,14.19,0
2024-07-16 00:00:00,14.19,14.59,13.8,14.22,0
2024-07-18 00:00:00,14.22,14.71,13.75,14.51,0
2024-07-19 00:00:00,14.51,14.97,12.74,14.83,0
2024-07-22 00:00:00,14.83,15.63,13.12,15.44,0
2024-07-23 00:00:00,15.44,16.07,12.59,12.75,0
2024-07-24 00:00:00,12.75,14.04,11.62,11.76,0
2024-07-25 00:00:00,11.76,13.22,11.28,12.62,0
2024-07-26 00:00:00,12.62,13.14,11.98,12.25,0
2024-07-29 00:00:00,12.25,13.26,12.03,12.95,0
2024-07-30 00:00:00,12.95,13.26,11.72,12.88,0
2024-07-31 00:00:00,12.88,13.39,11.62,13.25,0
2024-08-01 00:00:00,13.25,13.31,11.98,12.93,0
2024-08-02 00:00:00,12.93,14.51,11.69,14.32,0
2024-08-05 00:00:00,14.32,23.15,13.91,20.37,0
2024-08-06 00:00:00,20.37,20.37,14.87,18.74,0
2024-08-07 00:00:00,18.74,18.74,13.72,16.17,0
2024-08-08 00:00:00,16.17,17.23,14.38,16.6,0
2024-08-09 00:00:00,16.6,16.6,13.43,15.34,0
2024-08-12 00:00:00,15.34,16.56,13.4,15.87,0
2024-08-13 00:00:00,15.87,16.38,14.22,16.17,0
2024-08-14 00:00:00,16.17,16.22,13.82,15.44,0
2024-08-16 00:00:00,15.44,15.44,12.95,14.4,0
2024-08-19 00:00:00,14.4,14.83,13.2,14.32,0
2024-08-20 00:00:00,14.32,14.32,11.43,13.82,0
2024-08-21 00:00:00,13.82,14.05,11.82,13.33,0
2024-08-22 00:00:00,13.33,13.78,10.96,13.0,0
2024-08-23 00:00:00,13.0,13.62,10.84,13.55,0
2024-08-26 00:00:00,13.55,13.99,12.01,13.8,0
2024-08-27 00:00:00,13.8,14.01,12.71,13.63,0
2024-08-28 00:00:00,13.63,14.09,12.04,13.95,0
2024-08-29 00:00:00,13.95,14.14,12.48,13.79,0
2024-08-30 00:00:00,13.79,13.91,12.54,13.39,0
2024-09-02 00:00:00,13.39,14.25,12.63,14.06,0
2024-09-03 00:00:00,14.06,14.15,12.69,13.84,0
2024-09-04 00:00:00,13.84,14.56,12.81,14.38,0
2024-09-05 00:00:00,14.38,14.38,13.34,14.21,0
2024-09-06 00:00:00,14.21,15.67,12.35,15.22,0
2024-09-09 00:00:00,15.22,15.56,14.11,14.24,0
2024-09-10 00:00:00,14.24,14.24,12.17,13.36,0
2024-09-11 00:00:00,13.36,13.77,11.33,13.63,0
2024-09-12 00:00:00,13.63,13.63,11.14,13.18,0
2024-09-13 00:00:00,13.18,13.18,12.47,12.55,0
2024-09-16 00:00:00,12.55,12.96,12.31,12.46,0
2024-09-17 00:00:00,12.46,12.75,11.88,12.59,0
2024-09-18 00:00:00,12.59,13.85,12.26,13.37,0
2024-09-19 00:00:00,13.37,13.37,12.1,12.47,0
2024-09-20 00:00:00,12.47,13.11,10.9,12.79,0
2024-09-23 00:00:00,12.79,14.03,12.43,13.79,0
2024-09-24 00:00:00,13.79,14.11,12.74,13.39,0
2024-09-25 00:00:00,13.39,13.61,8.98,12.74,0
2024-09-26 00:00:00,12.74,12.74,11.35,12.0,0
2024-09-27 00:00:00,12.0,12.08,10.5,11.96,0
2024-09-30 00:00:00,11.96,13.24,11.6,12.79,0
2024-10-01 00:00:00,12.79,12.79,11.71,11.99,0
2024-10-03 00:00:00,11.99,13.93,11.69,13.17,0
2024-10-04 00:00:00,13.17,14.48,12.29,14.13,0
2024-10-07 00:00:00,14.13,15.5,13.62,15.08,0
2024-10-08 00:00:00,15.08,15.56,13.88,14.59,0
2024-10-09 00:00:00,14.59,14.59,12.7,14.12,0
2024-10-10 00:00:00,14.12,14.12,11.73,13.5,0
2024-10-11 00:00:00,13.5,13.7,11.54,13.22,0
2024-10-14 00:00:00,13.22,13.74,12.92,13.0,0
2024-10-15 00:00:00,13.0,13.36,10.92,13.0,0
2024-10-16 00:00:00,13.0,13.56,11.44,13.05,0
2024-10-17 00:00:00,13.05,13.47,11.06,13.39,0
2024-10-18 00:00:00,13.39,14.06,12.87,13.04,0
2024-10-21 00:00:00,13.04,14.2,12.55,13.76,0
2024-10-22 00:00:00,13.76,14.52,9.47,14.4,0
2024-10-23 00:00:00,14.4,15.03,11.74,14.62,0
2024-10-24 00:00:00,14.62,14.9,12.7,13.97,0
2024-10-25 00:00:00,13.97,15.08,13.35,14.63,0
2024-10-28 00:00:00,14.63,15.48,13.54,14.29,0
2024-10-29 00:00:00,14.29,15.03,13.56,14.52,0
2024-10-30 00:00:00,14.52,15.7,14.28,15.51,0
2024-10-31 00:00:00,15.51,16.24,14.65,15.55,0
2024-11-01 00:00:00,15.55,16.13,13.63,15.9,0
2024-11-04 00:00:00,15.9,17.6,14.78,16.69,0
2024-11-05 00:00:00,16.69,19.02,15.8,16.12,0
2024-11-06 00:00:00,16.12,20.75,14.71,14.87,0
2024-11-07 00:00:00,14.87,15.52,14.27,14.94,0
2024-11-08 00:00:00,14.94,15.73,14.39,14.47,0
2024-11-11 00:00:00,14.47,15.47,13.12,14.27,0
2024-11-12 00:00:00,14.27,14.84,12.74,14.59,0
2024-11-13 00:00:00,14.59,15.87,13.93,15.44,0
2024-11-14 00:00:00,15.44,15.69,13.41,14.78,0
2024-11-18 00:00:00,14.78,16.58,13.76,15.17,0
2024-11-19 00:00:00,15.17,16.18,12.73,15.66,0
2024-11-21 00:00:00,15.66,16.78,14.84,15.99,0
2024-11-22 00:00:00,15.99,18.67,12.75,16.1,0
2024-11-25 00:00:00,16.1,16.86,13.63,15.3,0
2024-11-26 00:00:00,15.3,16.26,13.87,15.31,0
2024-11-27 00:00:00,15.31,15.31,13.25,14.63,0
2024-11-28 00:00:00,14.63,15.56,14.27,15.21,0
2024-11-29 00:00:00,15.21,15.46,14.33,14.43,0
2024-12-02 00:00:00,14.43,15.08,13.31,14.7,0
2024-12-03 00:00:00,14.7,14.89,14.24,14.37,0
2024-12-04 00:00:00,14.37,14.8,14.11,14.45,0
2024-12-05 00:00:00,14.45,15.71,14.06,14.53,0
2024-12-06 00:00:00,14.53,15.02,14.05,14.14,0
2024-12-09 00:00:00,14.14,14.64,13.45,14.11,0
2024-12-10 00:00:00,14.11,14.67,13.7,13.78,0
2024-12-11 00:00:00,13.78,14.11,13.18,13.27,0
2024-12-12 00:00:00,13.27,13.4,12.95,13.19,0
2024-12-13 00:00:00,13.19,14.72,12.47,13.05,0
2024-12-16 00:00:00,13.05,14.51,13.05,14.02,0
2024-12-17 00:00:00,14.02,14.98,13.18,14.49,0
2024-12-18 00:00:00,14.49,15.24,14.27,14.37,0
2024-12-19 00:00:00,14.37,15.44,13.87,14.51,0
2024-12-20 00:00:00,14.51,15.55,14.4,15.07,0
2024-12-23 00:00:00,15.07,16.88,13.42,13.52,0
2024-12-24 00:00:00,13.52,15.03,12.98,13.18,0
2024-12-26 00:00:00,13.18,14.39,13.08,14.04,0
2024-12-27 00:00:00,14.04,14.24,13.04,13.24,0
2024-12-30 00:00:00,13.24,14.37,13.24,13.97,0
2024-12-31 00:00:00,13.97,14.64,13.97,14.45,0
2025-01-01 00:00:00,14.45,14.84,14.31,14.51,0
2025-01-02 00:00:00,14.51,14.8,13.63,13.74,0
2025-01-03 00:00:00,13.74,13.98,13.23,13.54,0
2025-01-06 00:00:00,13.54,15.92,13.54,15.65,0
2025-01-07 00:00:00,15.65,15.65,14.35,14.66,0
2025-01-08 00:00:00,14.66,14.88,14.1,14.47,0
2025-01-09 00:00:00,14.47,14.89,13.75,14.66,0
2025-01-10 00:00:00,14.66,15.52,14.66,14.92,0
2025-01-13 00:00:00,14.92,16.18,14.45,16.0,0
2025-01-14 00:00:00,16.0,16.0,15.12,15.47,0
2025-01-15 00:00:00,15.47,15.66,15.2,15.26,0
2025-01-16 00:00:00,15.26,15.57,13.96,15.47,0
2025-01-17 00:00:00,15.47,16.38,14.05,15.75,0
2025-01-20 00:00:00,15.75,17.02,15.18,16.42,0
2025-01-21 00:00:00,16.42,17.45,15.2,17.06,0
2025-01-22 00:00:00,17.06,17.3,15.91,16.77,0
2025-01-23 00:00:00,16.77,17.08,15.67,16.7,0
2025-01-24 00:00:00,16.7,17.31,16.12,16.75,0
2025-01-27 00:00:00,16.75,18.52,16.75,18.13,0
2025-01-28 00:00:00,18.13,18.5,16.83,18.2,0
2025-01-29 00:00:00,18.2,19.01,17.29,18.64,0
2025-01-30 00:00:00,18.64,18.99,17.22,17.39,0
2025-01-31 00:00:00,17.39,17.94,16.11,16.25,0
2025-02-01 00:00:00,16.25,16.58,14.01,14.1,0
2025-02-03 00:00:00,14.1,15.11,14.1,14.35,0
2025-02-04 00:00:00,14.35,15.13,13.67,14.02,0
2025-02-05 00:00:00,14.02,14.3,13.5,14.08,0
2025-02-06 00:00:00,14.08,14.64,13.15,14.18,0
2025-02-07 00:00:00,14.18,14.51,13.55,13.69,0
2025-02-10 00:00:00,13.69,14.72,13.69,14.45,0
2025-02-11 00:00:00,14.45,15.43,13.85,14.87,0
2025-02-12 00:00:00,14.87,15.62,14.61,14.9,0
2025-02-13 00:00:00,14.9,15.47,12.2,14.96,0
2025-02-14 00:00:00,14.96,15.68,14.36,15.02,0
2025-02-17 00:00:00,15.02,16.31,14.5,15.72,0
2025-02-18 00:00:00,15.72,16.32,14.78,15.67,0
2025-02-19 00:00:00,15.67,16.02,14.75,15.42,0
2025-02-20 00:00:00,15.42,15.9,14.64,14.68,0
2025-02-21 00:00:00,14.68,15.24,12.08,14.53,0
2025-02-24 00:00:00,14.53,15.58,14.37,14.44,0
2025-02-25 00:00:00,14.44,15.08,13.61,13.72,0
2025-02-27 00:00:00,13.72,14.01,12.91,13.31,0
2025-02-28 00:00:00,13.31,14.12,13.23,13.91,0
2025-03-03 00:00:00,13.91,14.36,13.57,13.76,0
2025-03-04 00:00:00,13.76,14.2,13.37,13.83,0
2025-03-05 00:00:00,13.83,14.13,13.1,13.67,0
2025-03-06 00:00:00,13.67,14.18,13.28,13.73,0
2025-03-07 00:00:00,13.73,13.86,13.33,13.47,0
2025-03-10 00:00:00,13.47,14.21,13.47,13.99,0
2025-03-11 00:00:00,13.99,14.5,13.68,14.07,0
2025-03-12 00:00:00,14.07,14.37,13.64,13.69,0
2025-03-13 00:00:00,13.69,13.93,13.22,13.28,0
2025-03-17 00:00:00,13.28,14.1,13.28,13.42,0
2025-03-18 00:00:00,13.42,13.65,11.34,13.21,0
2025-03-19 00:00:00,13.21,13.57,12.59,13.3,0
2025-03-20 00:00:00,13.3,13.3,12.51,12.6,0
2025-03-21 00:00:00,12.6,12.84,10.7,12.58,0
2025-03-24 00:00:00,12.58,13.95,12.58,13.7,0
2025-03-25 00:00:00,13.7,14.48,13.49,13.64,0
2025-03-26 00:00:00,13.64,13.92,13.31,13.47,0
2025-03-27 00:00:00,13.47,13.85,12.98,13.3,0
2025-03-28 00:00:00,13.3,13.61,12.57,12.72,0
2025-04-01 00:00:00,12.72,14.05,12.72,13.78,0
2025-04-02 00:00:00,13.78,14.14,13.51,13.72,0
2025-04-03 00:00:00,13.72,14.11,13.41,13.6,0
2025-04-04 00:00:00,13.6,14.25,13.4,13.76,0
2025-04-07 00:00:00,13.76,23.19,13.76,22.79,0
2025-04-08 00:00:00,22.79,22.79,19.38,20.44,0
2025-04-09 00:00:00,20.44,21.75,19.7,21.43,0
2025-04-11 00:00:00,21.43,21.43,18.86,20.11,0
2025-04-15 00:00:00,20.11,20.11,15.97,16.13,0
2025-04-16 00:00:00,16.13,16.13,15.12,15.87,0
2025-04-17 00:00:00,15.87,16.46,15.09,15.47,0
2025-04-21 00:00:00,15.47,16.33,14.22,15.52,0
2025-04-22 00:00:00,15.52,16.01,14.54,15.23,0
2025-04-23 00:00:00,15.23,16.52,12.84,15.96,0
2025-04-24 00:00:00,15.96,16.76,15.55,16.25,0
2025-04-25 00:00:00,16.25,17.58,15.92,17.16,0
2025-04-28 00:00:00,17.16,18.07,16.62,16.94,0
2025-04-29 00:00:00,16.94,17.59,16.07,17.37,0
2025-04-30 00:00:00,17.37,18.56,15.99,18.22,0
2025-05-02 00:00:00,18.22,18.86,17.35,18.26,0
2025-05-05 00:00:00,18.26,18.8,18.07,18.34,0
2025-05-06 00:00:00,18.34,19.3,17.99,19.0,0
2025-05-07 00:00:00,19.0,19.73,18.36,19.06,0
2025-05-08 00:00:00,19.06,21.89,18.15,21.01,0
2025-05-09 00:00:00,21.01,22.75,21.0,21.63,0
2025-05-12 00:00:00,21.63,21.63,17.21,18.39,0
2025-05-13 00:00:00,18.39,18.9,17.89,18.2,0
2025-05-14 00:00:00,18.2,19.24,17.08,17.23,0
2025-05-15 00:00:00,17.23,17.67,16.72,16.89,0
2025-05-16 00:00:00,16.89,17.06,16.22,16.55,0
2025-05-19 00:00:00,16.55,17.45,15.83,17.36,0
2025-05-20 00:00:00,17.36,17.66,15.97,17.39,0
2025-05-21 00:00:00,17.39,18.0,17.04,17.55,0
2025-05-22 00:00:00,17.55,18.2,16.7,17.26,0
2025-05-23 00:00:00,17.26,17.52,15.49,17.28,0
2025-05-26 00:00:00,17.28,18.41,16.06,18.02,0
2025-05-27 00:00:00,18.02,19.18,17.42,18.54,0
2025-05-28 00:00:00,18.54,19.04,17.88,18.02,0
2025-05-29 00:00:00,18.02,18.02,16.21,16.42,0
2025-05-30 00:00:00,16.42,16.55,15.29,16.08,0
2025-06-02 00:00:00,16.08,17.73,16.08,17.16,0
2025-06-03 00:00:00,17.16,17.73,16.26,16.56,0
2025-06-04 00:00:00,16.56,17.06,15.63,15.75,0
2025-06-05 00:00:00,15.75,15.93,14.98,15.08,0
2025-06-06 00:00:00,15.08,15.61,14.37,14.63,0
2025-06-09 00:00:00,14.63,15.52,14.63,14.69,0
2025-06-10 00:00:00,14.69,14.74,13.93,14.02,0
2025-06-11 00:00:00,14.02,14.16,13.56,13.67,0
2025-06-12 00:00:00,13.67,14.27,13.13,14.02,0
2025-06-13 00:00:00,14.02,15.98,14.02,15.08,0
2025-06-16 00:00:00,15.08,15.47,14.55,14.84,0
2025-06-17 00:00:00,14.84,15.02,14.3,14.4,0
2025-06-18 00:00:00,14.4,14.82,14.11,14.28,0
2025-06-19 00:00:00,14.28,14.37,13.74,14.26,0
2025-06-20 00:00:00,14.26,14.26,13.32,13.67,0
2025-06-23 00:00:00,13.67,14.52,13.66,14.05,0
2025-06-24 00:00:00,14.05,14.34,13.31,13.64,0
2025-06-25 00:00:00,13.64,13.64,12.9,12.96,0
2025-06-26 00:00:00,12.96,13.33,12.52,12.59,0
2025-06-27 00:00:00,12.59,12.92,12.32,12.39,0
2025-06-30 00:00:00,12.39,13.03,12.39,12.79,0
2025-07-01 00:00:00,12.79,12.99,12.44,12.53,0
2025-07-02 00:00:00,12.53,12.66,12.34,12.45,0
2025-07-03 00:00:00,12.45,12.66,12.19,12.39,0
2025-07-04 00:00:00,12.39,12.7,12.24,12.32,0
2025-07-07 00:00:00,12.32,12.79,11.94,12.56,0
2025-07-08 00:00:00,12.56,12.71,12.06,12.2,0
2025-07-09 00:00:00,12.2,12.36,11.75,11.94,0
2025-07-10 00:00:00,11.94,12.19,11.61,11.67,0
2025-07-11 00:00:00,11.67,12.12,11.54,11.82,0
2025-07-14 00:00:00,11.82,12.42,11.82,11.98,0
2025-07-15 00:00:00,11.98,12.03,11.41,11.48,0
2025-07-16 00:00:00,11.48,11.67,11.2,11.24,0
2025-07-17 00:00:00,11.24,11.54,10.73,11.24,0
2025-07-18 00:00:00,11.24,11.86,9.9,11.39,0
2025-07-21 00:00:00,11.39,11.94,11.09,11.2,0
2025-07-22 00:00:00,11.2,11.23,10.69,10.75,0
2025-07-23 00:00:00,10.75,10.75,10.22,10.52,0
2025-07-24 00:00:00,10.52,11.11,9.87,10.72,0
2025-07-25 00:00:00,10.72,11.58,10.61,11.28,0
2025-07-28 00:00:00,11.28,12.23,10.33,12.06,0
2025-07-29 00:00:00,12.06,12.3,11.4,11.53,0
2025-07-30 00:00:00,11.53,11.78,10.61,11.21,0
2025-07-31 00:00:00,11.21,12.12,11.21,11.54,0
2025-08-01 00:00:00,11.54,12.11,11.4,11.98,0
2025-08-04 00:00:00,11.98,12.63,11.8,11.97,0
2025-08-05 00:00:00,11.97,12.18,11.64,11.71,0
2025-08-06 00:00:00,11.71,12.05,10.66,11.96,0
2025-08-07 00:00:00,11.96,12.31,11.56,11.69,0
2025-08-08 00:00:00,11.69,12.2,10.9,12.03,0
2025-08-11 00:00:00,12.03,12.73,12.03,12.22,0
2025-08-12 00:00:00,12.22,12.42,11.6,12.23,0
2025-08-13 00:00:00,12.23,12.35,10.78,12.14,0
2025-08-14 00:00:00,12.14,12.47,11.47,12.36,0
2025-08-18 00:00:00,12.36,13.47,11.75,12.34,0
2025-08-19 00:00:00,12.34,12.34,11.76,11.79,0
2025-08-20 00:00:00,11.79,11.99,10.19,11.79,0
2025-08-21 00:00:00,11.79,11.89,10.09,11.37,0
2025-08-22 00:00:00,11.37,11.79,10.7,11.73,0
2025-08-25 00:00:00,11.73,12.35,11.55,11.76,0
2025-08-26 00:00:00,11.76,12.55,10.93,12.19,0
2025-08-28 00:00:00,12.19,13.15,11.58,12.18,0
2025-08-29 00:00:00,12.18,12.2,11.59,11.75,0
2025-09-01 00:00:00,11.75,12.2,11.24,11.29,0
2025-09-02 00:00:00,11.29,11.78,10.78,11.4,0
2025-09-03 00:00:00,11.4,11.58,10.85,10.93,0
2025-09-04 00:00:00,10.93,11.24,10.49,10.85,0
2025-09-05 00:00:00,10.85,11.44,9.95,10.78,0
2025-09-08 00:00:00,10.78,11.08,10.42,10.84,0
2025-09-09 00:00:00,10.84,11.45,9.85,10.69,0
2025-09-10 00:00:00,10.69,10.84,10.25,10.54,0
2025-09-11 00:00:00,10.54,10.78,10.18,10.36,0
2025-09-12 00:00:00,10.36,10.36,9.85,10.12,0
2025-09-15 00:00:00,10.12,10.68,9.9,10.4,0
2025-09-16 00:00:00,10.4,10.5,9.76,10.27,0
2025-09-17 00:00:00,10.27,10.36,9.62,10.25,0
2025-09-18 00:00:00,10.25,10.25,9.49,9.89,0
2025-09-19 00:00:00,9.89,10.26,9.4,9.97,0
2025-09-22 00:00:00,9.97,10.73,9.97,10.56,0
2025-09-23 00:00:00,10.56,10.9,9.96,10.63,0
2025-09-24 00:00:00,10.63,10.89,10.11,10.52,0
2025-09-25 00:00:00,10.52,10.9,10.29,10.78,0
2025-09-26 00:00:00,10.78,11.68,10.17,11.43,0
2025-09-29 00:00:00,11.43,11.73,10.62,11.37,0
2025-09-30 00:00:00,11.37,11.79,10.93,11.07,0
2025-10-01 00:00:00,11.07,11.26,10.15,10.29,0
2025-10-03 00:00:00,10.29,10.62,9.95,10.06,0
2025-10-06 00:00:00,10.06,10.54,9.66,10.19,0
2025-10-07 00:00:00,10.19,10.45,10.0,10.05,0
2025-10-08 00:00:00,10.05,10.52,9.69,10.31,0
2025-10-09 00:00:00,10.31,10.57,10.0,10.12,0
2025-10-10 00:00:00,10.12,10.34,9.71,10.1,0
2025-10-13 00:00:00,10.1,11.26,9.78,11.01,0
2025-10-14 00:00:00,11.01,11.67,10.01,11.16,0
2025-10-15 00:00:00,11.16,11.16,10.43,10.53,0
2025-10-16 00:00:00,10.53,11.06,10.38,10.87,0
2025-10-17 00:00:00,10.87,11.81,9.78,11.63,0
2025-10-20 00:00:00,11.63,11.88,10.67,11.36,0
2025-10-21 00:00:00,11.36,11.6,10.7,11.3,0
2025-10-23 00:00:00,11.3,12.05,10.74,11.73,0
2025-10-24 00:00:00,11.73,11.94,11.44,11.59,0
2025-10-27 00:00:00,11.59,12.73,11.28,11.86,0
2025-10-28 00:00:00,11.86,12.64,10.71,11.95,0
2025-10-29 00:00:00,11.95,12.1,11.23,11.97,0
2025-10-30 00:00:00,11.97,12.27,11.71,12.07,0
2025-10-31 00:00:00,12.07,12.29,11.77,12.15,0
2025-11-03 00:00:00,12.15,12.94,11.79,12.67,0
2025-11-04 00:00:00,12.67,12.94,10.98,12.65,0
2025-11-06 00:00:00,12.65,12.87,12.06,12.41,0
2025-11-07 00:00:00,12.41,12.67,11.96,12.56,0
2025-11-10 00:00:00,12.56,12.93,11.41,12.3,0
2025-11-11 00:00:00,12.3,13.01,11.99,12.49,0
2025-11-12 00:00:00,12.49,12.71,11.44,12.11,0
2025-11-13 00:00:00,12.11,12.27,11.23,12.16,0
2025-11-14 00:00:00,12.16,12.45,11.8,11.94,0
2025-11-17 00:00:00,11.94,12.28,10.9,11.79,0
2025-11-18 00:00:00,11.79,12.29,10.94,12.1,0
2025-11-19 00:00:00,12.1,12.38,10.77,11.97,0
2025-11-20 00:00:00,11.97,12.38,11.06,12.14,0
2025-11-21 00:00:00,12.14,13.85,12.14,13.63,0
2025-11-24 00:00:00,13.63,13.63,11.94,13.24,0
2025-11-25 00:00:00,13.24,13.24,10.86,12.24,0
2025-11-26 00:00:00,12.24,12.57,11.59,11.97,0
2025-11-27 00:00:00,11.97,12.24,11.51,11.79,0
2025-11-28 00:00:00,11.79,11.79,10.82,11.62,0
2025-12-01 00:00:00,11.62,12.01,10.9,11.63,0
2025-12-02 00:00:00,11.63,11.94,11.03,11.23,0
2025-12-03 00:00:00,11.23,11.37,10.92,11.21,0
2025-12-04 00:00:00,11.21,11.27,10.58,10.82,0
2025-12-05 00:00:00,10.82,10.87,10.16,10.32,0
2025-12-08 00:00:00,10.32,11.61,10.14,11.13,0
2025-12-09 00:00:00,11.13,11.88,10.46,10.95,0
2025-12-10 00:00:00,10.95,11.42,10.49,10.91,0
2025-12-11 00:00:00,10.91,11.19,10.32,10.4,0
2025-12-12 00:00:00,10.4,10.4,9.96,10.11,0
2025-12-15 00:00:00,10.11,10.84,10.05,10.25,0
2025-12-16 00:00:00,10.25,10.43,9.66,10.06,0
2025-12-17 00:00:00,10.06,10.18,9.48,9.84,0
2025-12-18 00:00:00,9.84,9.95,9.61,9.71,0
2025-12-19 00:00:00,9.71,10.31,9.44,9.52,0
2025-12-22 00:00:00,9.52,9.9,8.86,9.68,0
2025-12-23 00:00:00,9.68,9.79,9.32,9.38,0
2025-12-24 00:00:00,9.38,9.68,8.88,9.19,0
2025-12-26 00:00:00,9.19,9.4,9.02,9.15,0
2025-12-29 00:00:00,9.15,9.77,9.05,9.72,0
2025-12-30 00:00:00,9.72,9.99,9.59,9.68,0
2025-12-31 00:00:00,9.68,9.73,9.31,9.48,0
2026-01-01 00:00:00,9.48,9.48,8.72,9.19,0
2026-01-02 00:00:00,9.19,9.56,8.97,9.45,0
2026-01-05 00:00:00,9.45,10.22,9.29,10.02,0
2026-01-06 00:00:00,10.02,10.29,9.65,10.02,0
2026-01-07 00:00:00,10.02,10.24,9.74,9.95,0
2026-01-08 00:00:00,9.95,10.99,9.48,10.6,0
2026-01-09 00:00:00,10.6,11.04,10.22,10.93,0
2026-01-12 00:00:00,10.93,11.95,10.52,11.37,0
2026-01-13 00:00:00,11.37,11.68,10.64,11.2,0
2026-01-14 00:00:00,11.2,11.47,11.01,11.32,0
2026-01-16 00:00:00,11.32,11.58,10.88,11.37,0
2026-01-19 00:00:00,11.37,12.13,10.39,11.83,0
2026-01-20 00:00:00,11.83,12.9,11.0,12.73,0
2026-01-21 00:00:00,12.73,14.43,12.43,13.78,0
2026-01-22 00:00:00,13.78,14.33,12.91,13.35,0
2026-01-23 00:00:00,13.35,14.43,12.28,14.19,0
2026-01-27 00:00:00,14.19,16.06,13.92,14.45,0
2026-01-28 00:00:00,14.45,14.51,13.44,13.53,0
2026-01-29 00:00:00,13.53,14.19,13.07,13.37,0
2026-01-30 00:00:00,13.37,14.23,12.88,13.63,0
2026-02-01 00:00:00,13.63,16.11,13.35,15.1,0
2026-02-02 00:00:00,15.1,15.55,13.58,13.87,0
2026-02-03 00:00:00,13.87,15.47,11.85,12.9,0
2026-02-04 00:00:00,12.9,13.15,12.06,12.25,0
2026-02-05 00:00:00,12.25,12.55,10.94,12.17,0
2026-02-06 00:00:00,12.17,12.35,11.16,11.94,0
2026-02-09 00:00:00,11.94,12.28,10.67,12.19,0
2026-02-10 00:00:00,12.19,12.19,10.36,11.67,0
2026-02-11 00:00:00,11.67,11.71,10.56,11.55,0
2026-02-12 00:00:00,11.55,12.11,10.85,11.73,0
2026-02-13 00:00:00,11.73,13.58,10.96,13.29,0
2026-02-16 00:00:00,13.29,13.83,13.24,13.33,0
2026-02-17 00:00:00,13.33,13.48,11.63,12.67,0
2026-02-18 00:00:00,12.67,12.77,11.35,12.22,0
2026-02-19 00:00:00,12.22,13.68,9.73,13.46,0
2026-02-20 00:00:00,13.46,14.78,13.1,14.36,0
2026-02-23 00:00:00,14.36,14.48,12.77,14.17,0
2026-02-24 00:00:00,14.17,14.95,12.35,14.15,0
2026-02-25 00:00:00,14.15,14.15,12.84,13.49,0
2026-02-26 00:00:00,13.49,13.61,11.81,13.06,0
2026-02-27 00:00:00,13.06,14.04,11.2,13.7,0
2026-03-02 00:00:00,13.7,17.81,12.83,17.13,0
2026-03-04 00:00:00,17.13,21.37,16.97,21.14,0
2026-03-05 00:00:00,21.14,21.14,17.3,17.86,0
2026-03-06 00:00:00,17.86,20.14,17.2,19.88,0
2026-03-09 00:00:00,19.88,24.49,19.22,23.36,0
2026-03-10 00:00:00,23.36,23.36,18.78,18.91,0
2026-03-11 00:00:00,18.91,21.39,17.24,21.06,0
2026-03-12 00:00:00,21.06,22.36,20.82,21.52,0
2026-03-13 00:00:00,21.52,22.88,21.25,22.65,0
2026-03-16 00:00:00,22.65,22.88,19.82,21.6,0
2026-03-17 00:00:00,21.6,21.6,19.63,19.79,0
2026-03-18 00:00:00,19.79,19.79,18.59,18.72,0
2026-03-19 00:00:00,18.72,23.2,18.72,22.8,0
2026-03-20 00:00:00,22.8,23.14,21.69,22.81,0
2026-03-23 00:00:00,22.81,27.17,22.81,26.73,0
2026-03-24 00:00:00,26.73,26.73,24.63,24.74,0
2026-03-25 00:00:00,24.74,25.23,24.14,24.64,0
2026-03-27 00:00:00,24.64,27.09,23.39,26.8,0
2026-03-30 00:00:00,26.8,28.91,26.8,27.89,0
2026-04-01 00:00:00,27.89,27.89,23.65,25.01,0
2026-04-02 00:00:00,25.01,26.6,25.01,25.52,0
2026-04-06 00:00:00,25.52,26.56,25.08,25.47,0
2026-04-07 00:00:00,25.47,26.26,24.55,24.7,0
2026-04-08 00:00:00,24.7,24.7,19.31,19.7,0
2026-04-09 00:00:00,19.7,20.94,19.17,20.43,0
2026-04-10 00:00:00,20.43,20.43,18.37,18.85,0
2026-04-13 00:00:00,18.85,21.51,18.18,20.5,0
2026-04-15 00:00:00,20.5,20.5,17.34,18.67,0
2026-04-16 00:00:00,18.67,18.67,16.83,18.09,0
2026-04-17 00:00:00,18.09,18.47,16.59,17.21,0
2026-04-20 00:00:00,17.2,19.01,16.48,18.79,0
2026-04-21 00:00:00,18.79,18.79,17.45,17.53,0
2026-04-22 00:00:00,17.53,18.73,17.25,18.3,0
2026-04-23 00:00:00,18.3,19.12,17.49,18.59,0
2026-04-24 00:00:00,18.59,19.9,18.06,19.71,0
2026-04-27 00:00:00,19.71,19.71,18.27,18.38,0
2026-04-28 00:00:00,18.38,18.41,17.27,18.05,0
2026-04-29 00:00:00,18.05,18.05,16.75,17.44,0
2026-04-30 00:00:00,17.44,19.48,17.18,18.46,0
2026-05-04 00:00:00,18.46,18.88,16.75,18.3,0
2026-05-05 00:00:00,18.3,18.84,17.71,17.91,0
2026-05-06 00:00:00,17.91,18.08,16.58,16.68,0
2026-05-07 00:00:00,16.68,17.2,15.17,16.62,0
2026-05-08 00:00:00,16.62,17.43,16.16,16.84,0
2026-05-11 00:00:00,16.84,18.97,16.84,18.55,0
2026-05-12 00:00:00,18.55,19.46,17.63,19.28,0
2026-05-13 00:00:00,19.28,20.13,18.36,19.43,0
2026-05-14 00:00:00,19.43,19.43,18.39,18.61,0
2026-05-15 00:00:00,18.61,19.01,17.42,18.79,0
2026-05-18 00:00:00,18.79,20.06,17.72,19.63,0
2026-05-19 00:00:00,19.63,19.63,18.27,18.68,0
